id_a,id_b,entity_key,score,title_a,title_b,label
1361,1429,learning:1248,0.2439,"'A check that reports success without having checked' has now been learned four separate times across two projects — it is a systemic defect class, not four incidents",Nine recent learnings across three projects describe the same defect — a check or sweep that reports success without having checked — which is worth promoting into a cross-project standard rather than re-learning per project,SAME
1378,1498,project:fifty_eco_system,0.2439,"All 34 fifty_eco_system briefs share days_since_update 170 and the project has null activity — the backlog looks abandoned, not stalled; consider a bulk triage-or-archive pass rather than 30 more per-brief stall alerts","fifty_eco_system holds 34 open briefs but has seen zero activity for 173 days — decide whether to archive the project or re-commit to it, rather than triaging 30 stalled briefs one at a time",SAME
1395,1561,project:fifty_eco_system,0.2439,"27 fifty_eco_system briefs are Done with unchecked acceptance criteria — this looks like a per-project closing habit, and the gate that now refuses such commits landed only recently","27 briefs are marked Done with unchecked acceptance criteria in one project, and a sibling learning shows the AC parser fails open — the gap suggestions may be a parser artifact, not 27 real gaps",SAME
1408,1558,project:igris-ai,0.2439,'A check that reports success without having checked' is already named as a recurring class (1248) and has kept recurring since — three later learnings are fresh instances,A single defect class — a check or push that reports success without having checked — now spans at least five separate learnings across igris-ai and mbrgea-ai; it warrants a shared guard rather than another per-incident learning,SAME
1430,1579,global,0.2439,"Four active projects with open briefs have recorded zero learnings — attendance_app (4 briefs), lifeOS (14), hadir-system (1), moca-hr-agent (1) — so nothing from that work is reaching the brain","The four projects with the most open briefs outside igris-ai/mbrgea-ai (fifty-dev 61, lifeOS 14, hero-lab 18, attendance_app 4) have captured almost no learnings — knowledge is only being harvested where the operator already lives",SAME
1458,1470,project:igris-ai,0.2439,Six-plus recent learnings all restate one defect class — partial claim sweeps and checks that report success without checking — and should be promoted into a coding_guidelines rule instead of accumulating as memory,Five recent learnings restate one lesson — partial claim sweeps — across two projects; consolidate into a single promoted standard instead of letting the sixth recurrence be filed as new,EXCLUDED
1272,1378,project:fifty_eco_system,0.2432,All 34 fifty_eco_system briefs are 143-163 days untouched with no project activity — archive or park the project rather than letting it generate suggestions forever,"All 34 fifty_eco_system briefs share days_since_update 170 and the project has null activity — the backlog looks abandoned, not stalled; consider a bulk triage-or-archive pass rather than 30 more per-brief stall alerts",SAME
1318,1508,project:fifty_eco_system,0.2432,"27 briefs are Done with unchecked acceptance criteria, but a commit gate now refuses exactly this — decide whether the historical backlog gets audited or grandfathered","27 fifty_eco_system briefs are marked Done with unchecked acceptance criteria — this is one closing-ritual defect, not 27 briefs to reopen; fix the close step or backfill the checkboxes in a single pass",SAME
1377,1821,project:fifty_eco_system,0.2432,"Two project slugs exist for the same codebase — fifty_eco_system (34 open briefs, 0 learnings) and fifty-eco-system (0 briefs, 7 learnings); briefs and knowledge are split across them","fifty_eco_system has 33 open briefs but only 7 learnings in 187 days — the project consumes brief-writing effort and returns almost no knowledge, which is the strongest single argument for archiving it outright",DIFFERENT
1378,1393,project:fifty_eco_system,0.2432,"All 34 fifty_eco_system briefs share days_since_update 170 and the project has null activity — the backlog looks abandoned, not stalled; consider a bulk triage-or-archive pass rather than 30 more per-brief stall alerts","fifty_eco_system has 34 open briefs (7 at P1-High) with 170 days of no activity — decide whether to archive the project or re-commit to it, rather than re-triaging briefs one by one",SAME
1384,1556,global,0.2432,66 of 69 queued suggestions are single-project fifty_eco_system stall/gap alerts — the review queue is saturated by one dormant project and will bury anything new,"The stalled + gap modules emit one suggestion per brief, so 69 of 69 open suggestions are two mechanical checks over a single dormant project — collapse them to per-project rollups before the queue becomes unreadable",SAME
1394,1620,global,0.2432,"69 open suggestions, 56 of them mechanical stalled/gap rows for a single dormant project — the review queue needs per-project caps or grouping before any new signal can be seen","The suggestion queue is 69 items and ~97% is two mechanical modules (stalled, gap) firing on one dormant project — add a per-project cap or dormancy filter before the queue becomes unreadable",SAME
1395,1468,project:fifty_eco_system,0.2432,"27 fifty_eco_system briefs are Done with unchecked acceptance criteria — this looks like a per-project closing habit, and the gate that now refuses such commits landed only recently","27 fifty_eco_system briefs were marked Done with unchecked acceptance criteria — treat this as one process defect in the close ritual, not 27 individual cleanups",SAME
1415,1612,global,0.2432,69 open suggestions are all from two mechanical modules (stalled/gap) and 62 concern one dormant project — the review queue is drowning its own signal,The stalled/gap modules have queued ~60 near-identical suggestions for a single dormant project — add per-project rollup or a dormancy suppression rule before the review queue becomes unreadable,SAME
1443,1672,project:fifty_eco_system,0.2432,"27 fifty_eco_system briefs are marked Done with unchecked acceptance criteria — this is a closing-discipline failure, not 27 separate defects, and igris-ai already shipped a gate for it","27 fifty_eco_system briefs were marked Done with unticked acceptance criteria — the commit 03adca2 gate that refuses this landed after them, so a one-off backfill audit is needed",SAME
1463,1537,project:fifty_eco_system,0.2432,"fifty_eco_system holds 34 open briefs but has had zero activity for 172 days — decide whether to archive the project or re-commit to it, rather than triaging 30+ stalled-brief suggestions one by one",All 27 'Done with unchecked acceptance criteria' suggestions predate the closing-commit gate — verify the gate covers this project rather than triaging the 27 legacy briefs one by one,DIFFERENT
1486,1627,global,0.2432,"Four active projects with open briefs (lifeOS 14, attendance_app 4, hadir-system 1, moca-hr-agent 1) have zero learnings and null activity — work there is not reaching the brain",Learnings are concentrated in three projects while eight active projects with open briefs have recorded none — the harvest habit is not running outside the top repos,SAME
1492,1548,global,0.2432,The stalled+gap modules emitted ~60 near-identical suggestions all pointing at fifty_eco_system — add per-project aggregation or a dormancy cutoff before the queue becomes unreadable,The suggestion queue is 60 items of which ~57 are mechanical per-brief 'stalled'/'gap' rows from two modules on one project — the stalled and gap modules need per-project aggregation before they drown real signal,SAME
1508,1613,project:fifty_eco_system,0.2432,"27 fifty_eco_system briefs are marked Done with unchecked acceptance criteria — this is one closing-ritual defect, not 27 briefs to reopen; fix the close step or backfill the checkboxes in a single pass","27 briefs are Done with unchecked acceptance criteria while learning 1368 reports the AC-parser fails open on heading variants — the backlog may be a parser artifact, not 27 real gaps",SAME
1508,1652,project:fifty_eco_system,0.2432,"27 fifty_eco_system briefs are marked Done with unchecked acceptance criteria — this is one closing-ritual defect, not 27 briefs to reopen; fix the close step or backfill the checkboxes in a single pass","27 queued 'Done but unchecked acceptance criteria' suggestions are one process gap, not 27 findings — the AC gate (commit 03adca2) landed after these briefs closed",SAME
1536,1663,global,0.2432,"The stalled+gap modules have flooded the review queue with 69 open suggestions, 96% of them for one dormant project — add per-project caps or roll-ups before the queue becomes unreadable",The stalled+gap modules emitted ~60 near-identical suggestions all for fifty_eco_system — add per-project rollup or a dormancy suppression rule so real signal isn't buried,SAME
1537,1678,project:fifty_eco_system,0.2432,All 27 'Done with unchecked acceptance criteria' suggestions predate the closing-commit gate — verify the gate covers this project rather than triaging the 27 legacy briefs one by one,"fifty_eco_system holds 34 open briefs but has had zero activity for 184 days — decide whether to archive the project or re-commit to it, rather than triaging 30 stalled-brief suggestions one by one",DIFFERENT
1548,1566,global,0.2432,The suggestion queue is 60 items of which ~57 are mechanical per-brief 'stalled'/'gap' rows from two modules on one project — the stalled and gap modules need per-project aggregation before they drown real signal,The stalled + gap detectors emitted 60+ near-identical suggestions from one dormant project — add per-project rollup/caps before the review queue becomes unreadable,SAME
1548,1690,global,0.2432,The suggestion queue is 60 items of which ~57 are mechanical per-brief 'stalled'/'gap' rows from two modules on one project — the stalled and gap modules need per-project aggregation before they drown real signal,The review queue is 98% single-project mechanical notices (34 'stalled' + 27 'Done with unchecked AC') — collapse them into two batch items so real findings are visible,SAME
1556,1605,global,0.2432,"The stalled + gap modules emit one suggestion per brief, so 69 of 69 open suggestions are two mechanical checks over a single dormant project — collapse them to per-project rollups before the queue becomes unreadable",29 of the 33 queued 'stalled' suggestions are the same finding about one dormant project — the stalled module needs per-project aggregation before it buries higher-signal findings,SAME
1569,1826,project:lifeos,0.2432,"lifeOS has 14 open briefs — including a P0-Critical a11y regression (BR-023) — but zero learnings and no recorded activity, suggesting the project was filed and never worked","lifeOS BR-023 (P0-Critical a11y regression) is the root cause of at least three other open lifeOS briefs (BR-030, BR-031, BR-035) — they are one accessibility-tree defect filed as four, and fixing BR-023 likely closes the rest",DIFFERENT
1302,1318,project:fifty_eco_system,0.2424,"Commit 03adca2 now refuses closing commits on unticked criteria, but the 27 already-Done briefs flagged by the gap module were never reconciled","27 briefs are Done with unchecked acceptance criteria, but a commit gate now refuses exactly this — decide whether the historical backlog gets audited or grandfathered",SAME
1302,1652,project:fifty_eco_system,0.2424,"Commit 03adca2 now refuses closing commits on unticked criteria, but the 27 already-Done briefs flagged by the gap module were never reconciled","27 queued 'Done but unchecked acceptance criteria' suggestions are one process gap, not 27 findings — the AC gate (commit 03adca2) landed after these briefs closed",SAME
1310,1340,project:fifty_eco_system,0.2424,"Near-duplicate project slugs (fifty_eco_system vs fifty-eco-system, hadir vs hadir-system vs fya-hadir-app vs moca-hadir-app) are splitting one project's history across several rows","Two project slugs for the same codebase — 'fifty_eco_system' (34 open briefs, 0 learnings) and 'fifty-eco-system' (0 open briefs, 7 learnings) — briefs and knowledge are split across a hyphen/underscore variant",EXCLUDED
1312,1318,project:fifty_eco_system,0.2424,"27 briefs marked Done with unchecked acceptance criteria are all in one project — this is a workflow defect in how fifty_eco_system closes briefs, not 27 findings","27 briefs are Done with unchecked acceptance criteria, but a commit gate now refuses exactly this — decide whether the historical backlog gets audited or grandfathered",SAME
1312,1577,project:fifty_eco_system,0.2424,"27 briefs marked Done with unchecked acceptance criteria are all in one project — this is a workflow defect in how fifty_eco_system closes briefs, not 27 findings","27 queued 'Done but unchecked acceptance criteria' suggestions all land on one project — learning 1368 says the AC parser fails open on heading variants, so investigate the parser instead of the 27 briefs",SAME
1312,1613,project:fifty_eco_system,0.2424,"27 briefs marked Done with unchecked acceptance criteria are all in one project — this is a workflow defect in how fifty_eco_system closes briefs, not 27 findings","27 briefs are Done with unchecked acceptance criteria while learning 1368 reports the AC-parser fails open on heading variants — the backlog may be a parser artifact, not 27 real gaps",SAME
1326,1525,global,0.2424,62 of 66 open suggestions are single-project fifty_eco_system stalled/gap notices — the queue is drowning higher-value findings and should be collapsed per-project,The stalled/gap modules have queued 69 near-identical suggestions (30 stalled + 27 gap on fifty_eco_system alone) — add per-project caps or roll-ups before the review queue becomes unreadable,SAME
1384,1566,global,0.2424,66 of 69 queued suggestions are single-project fifty_eco_system stall/gap alerts — the review queue is saturated by one dormant project and will bury anything new,The stalled + gap detectors emitted 60+ near-identical suggestions from one dormant project — add per-project rollup/caps before the review queue becomes unreadable,SAME
1418,1557,project:lifeos,0.2424,BR-023 is the only P0-Critical brief in the whole digest and it has sat In Progress for 116 days with no stalled-suggestion ever raised for it,"lifeOS carries 14 open briefs including a P0 accessibility regression (BR-023) and 7 P1 bugs, all untouched for ~123 days, yet the project has produced zero learnings and no suggestion has ever been raised for it",EXCLUDED
1424,1696,project:fifty_eco_system,0.2424,"fifty_eco_system has 34 open briefs but no activity for 171 days — decide whether to archive the project or re-commit to it, rather than triaging 30+ stalled-brief suggestions one at a time",fifty_eco_system holds 33 open briefs with zero activity for 185 days — the whole backlog is stale and needs a bulk triage or archive decision,SAME
1428,1526,project:fifty_eco_system,0.2424,"27 'Done but unchecked acceptance criteria' suggestions all predate the commit that added the closing-gate — resolve them as one historical sweep, not 27 reviews","27 briefs are marked Done with unchecked acceptance criteria — this is a systematic closing-ritual defect, not 27 independent oversights; fix the Done gate instead of the briefs",SAME
1428,1567,project:fifty_eco_system,0.2424,"27 'Done but unchecked acceptance criteria' suggestions all predate the commit that added the closing-gate — resolve them as one historical sweep, not 27 reviews","27 fifty_eco_system briefs were marked Done with unchecked acceptance criteria — the closing ritual does not enforce the AC gate, so 'Done' carries no verification signal here",SAME
1468,1680,project:fifty_eco_system,0.2424,"27 fifty_eco_system briefs were marked Done with unchecked acceptance criteria — treat this as one process defect in the close ritual, not 27 individual cleanups","27 fifty_eco_system briefs are Done with unchecked acceptance criteria — the same failure mode learning 1368 measured in mbrgea-ai (a fail-open AC parser), so check the parser before re-auditing the briefs",SAME
1472,1821,project:fifty_eco_system,0.2424,fifty_eco_system has 34 open briefs but zero activity in 172 days — decide whether to archive the project or schedule a deliberate revival,"fifty_eco_system has 33 open briefs but only 7 learnings in 187 days — the project consumes brief-writing effort and returns almost no knowledge, which is the strongest single argument for archiving it outright",SAME
1485,1553,project:lifeos,0.2424,BR-023 is the only P0-Critical brief anywhere in the digest and it has sat In Progress for 118 days with no lifeOS activity recorded at all,"lifeOS carries 14 open briefs including a P0 accessibility regression and eight P1 bugs, but has zero learnings and no recorded activity — the project is accumulating defects with no knowledge capture at all",DIFFERENT
1495,1502,project:lifeos,0.2424,lifeOS has 14 open briefs including a P0 accessibility regression but zero learnings and no recorded activity — the brain is capturing nothing from this project,lifeOS BR-023 is the only P0-Critical brief anywhere in the digest and it has been In Progress for 118 days with 13 sibling P1 bugs behind it and zero recorded learnings for the project,DIFFERENT
1511,1701,project:lifeos,0.2424,"lifeOS filed 14 briefs on the same day 120 days ago, nine of them P1-High and one P0-Critical, and none has moved since — the priorities are not being used as a queue",Nine of lifeOS's fourteen open briefs are P1-High and all sit at 132 days — the priority field carries no ordering information,SAME
1526,1680,project:fifty_eco_system,0.2424,"27 briefs are marked Done with unchecked acceptance criteria — this is a systematic closing-ritual defect, not 27 independent oversights; fix the Done gate instead of the briefs","27 fifty_eco_system briefs are Done with unchecked acceptance criteria — the same failure mode learning 1368 measured in mbrgea-ai (a fail-open AC parser), so check the parser before re-auditing the briefs",SAME
1530,1823,project:igris-ai,0.2424,"igris-ai carries 139 open briefs and 558 learnings — the largest backlog in the brain by 2.5x, with no stalled-detection coverage in the current queue","igris-ai carries 166 open briefs while shipping daily — at the observed harvest rate the backlog is write-only, and the same containment/verification themes keep recurring as fresh learnings instead of closing briefs",SAME
1553,1621,project:lifeos,0.2424,"lifeOS carries 14 open briefs including a P0 accessibility regression and eight P1 bugs, but has zero learnings and no recorded activity — the project is accumulating defects with no knowledge capture at all","BR-023 is lifeOS's only P0-Critical brief, has sat In Progress for 124 days, and the project has zero recorded learnings — no one is working it",DIFFERENT
1557,1701,project:lifeos,0.2424,"lifeOS carries 14 open briefs including a P0 accessibility regression (BR-023) and 7 P1 bugs, all untouched for ~123 days, yet the project has produced zero learnings and no suggestion has ever been raised for it",Nine of lifeOS's fourteen open briefs are P1-High and all sit at 132 days — the priority field carries no ordering information,EXCLUDED
1566,1605,global,0.2424,The stalled + gap detectors emitted 60+ near-identical suggestions from one dormant project — add per-project rollup/caps before the review queue becomes unreadable,29 of the 33 queued 'stalled' suggestions are the same finding about one dormant project — the stalled module needs per-project aggregation before it buries higher-signal findings,SAME
1567,1680,project:fifty_eco_system,0.2424,"27 fifty_eco_system briefs were marked Done with unchecked acceptance criteria — the closing ritual does not enforce the AC gate, so 'Done' carries no verification signal here","27 fifty_eco_system briefs are Done with unchecked acceptance criteria — the same failure mode learning 1368 measured in mbrgea-ai (a fail-open AC parser), so check the parser before re-auditing the briefs",SAME
1606,1652,project:fifty_eco_system,0.2424,27 briefs closed as Done with unticked acceptance criteria predate the new closing-commit gate — confirm the gate is active for this project or backfill the criteria,"27 queued 'Done but unchecked acceptance criteria' suggestions are one process gap, not 27 findings — the AC gate (commit 03adca2) landed after these briefs closed",SAME
901,1568,project:igris-ai,0.2414,FR-054 was split into FR-061/062/063 127 days ago but the parent brief is still open — close/archive it to stop counting a superseded parent as active work.,"FR-054 still sits in open_briefs with status 'Split (see FR-061, FR-062, FR-063)' after 180 days — a split parent should be closed, not left counting against open work",SAME
1272,1441,project:fifty_eco_system,0.2414,All 34 fifty_eco_system briefs are 143-163 days untouched with no project activity — archive or park the project rather than letting it generate suggestions forever,fifty_eco_system has 34 open briefs but zero activity for 172 days — decide whether to archive the project or schedule a dedicated cleanup sprint,SAME
1272,1481,project:fifty_eco_system,0.2414,All 34 fifty_eco_system briefs are 143-163 days untouched with no project activity — archive or park the project rather than letting it generate suggestions forever,fifty_eco_system has 34 open briefs but zero activity for 173 days — decide whether to archive the project or schedule a dedicated triage session,SAME
1272,1491,project:fifty_eco_system,0.2414,All 34 fifty_eco_system briefs are 143-163 days untouched with no project activity — archive or park the project rather than letting it generate suggestions forever,fifty_eco_system has 34 open briefs but zero activity for 173 days — decide whether to archive the project or schedule a real burn-down,SAME
1272,1662,project:fifty_eco_system,0.2414,All 34 fifty_eco_system briefs are 143-163 days untouched with no project activity — archive or park the project rather than letting it generate suggestions forever,fifty_eco_system has 34 open briefs but zero activity for 180 days — decide whether to archive the project or schedule a dedicated cleanup pass,SAME
1272,1686,project:fifty_eco_system,0.2414,All 34 fifty_eco_system briefs are 143-163 days untouched with no project activity — archive or park the project rather than letting it generate suggestions forever,fifty_eco_system has 34 open briefs but zero activity for 185 days — decide whether to archive the project or schedule a deliberate revival sprint,SAME
1276,1410,global,0.2414,"Seven projects carry 100+ open briefs between them but zero learnings — fifty_eco_system (34), lifeOS (14), attendance_app (4) never ran /harvest",Four active projects hold 21 open briefs between them but have never recorded a single learning — work is going in without knowledge coming out,SAME
1291,1621,project:lifeos,0.2414,lifeOS has 14 open briefs including a P0-Critical a11y regression but zero learnings and no recorded activity — work is being briefed but nothing is being harvested,"BR-023 is lifeOS's only P0-Critical brief, has sat In Progress for 124 days, and the project has zero recorded learnings — no one is working it",DIFFERENT
1295,1457,project:fifty_eco_system,0.2414,BR-128's status is the unparsed string 'Done(Resolvedbydec8d1f)' — a done brief is leaking into the open-briefs list via a status field that lost its whitespace,BR-128 is listed among open briefs while its status reads 'Done (Resolved by dec8d1f)' — the status string was never normalised to a closed state,SAME
1318,1460,project:fifty_eco_system,0.2414,"27 briefs are Done with unchecked acceptance criteria, but a commit gate now refuses exactly this — decide whether the historical backlog gets audited or grandfathered","27 briefs marked Done with unchecked acceptance criteria is a process failure, not 27 findings — the Done transition is not gated on criteria",SAME
1326,1801,global,0.2414,62 of 66 open suggestions are single-project fifty_eco_system stalled/gap notices — the queue is drowning higher-value findings and should be collapsed per-project,"44 of the 60 open suggestions are low-value edge_inference rows — the operator's review queue is 73% noise, which will bury the 16 substantive findings",DIFFERENT
1365,1602,project:fifty_eco_system,0.2414,BR-128's status is the unspaced string 'Done(Resolvedbydec8d1f)' yet it appears in the open-briefs list — status parsing is dropping whitespace and not recognising Done,"BR-128 shows status 'Done(Resolvedbydec8d1f)' — whitespace-stripped and still listed as open, suggesting the status field is free text the open-brief filter cannot read",SAME
1365,1626,project:fifty_eco_system,0.2414,BR-128's status is the unspaced string 'Done(Resolvedbydec8d1f)' yet it appears in the open-briefs list — status parsing is dropping whitespace and not recognising Done,"BR-128 shows status 'Done(Resolvedbydec8d1f)' — a whitespace-stripped free-text status that a Done-state parser will not match, and it is still counted as an open brief",SAME
1380,1467,project:fifty_eco_system,0.2414,"BR-128 is recorded as ""Done(Resolvedbydec8d1f)"" yet still counts as an open brief — the status string is malformed and not matching the Done state",BR-128 is marked 'Done (Resolved by dec8d1f)' yet still appears in the open-brief set — a status-parsing or close-sweep gap that inflates every open-brief count,SAME
1380,1501,project:fifty_eco_system,0.2414,"BR-128 is recorded as ""Done(Resolvedbydec8d1f)"" yet still counts as an open brief — the status string is malformed and not matching the Done state","BR-128 is listed among open briefs with status 'Done(Resolvedbydec8d1f)' — a resolved brief leaking into the open set, and the mangled spacing suggests a status-parsing defect",SAME
1401,1419,project:igris-ai,0.2414,"igris-ai FR-054 has sat in status ""Split (see FR-061, FR-062, FR-063)"" for 173 days — a split parent should be closed, and none of its three children appear anywhere in the digest","FR-054 still sits open with status 'Split (see FR-061, FR-062, FR-063)' after 174 days — a split parent should be closed, not left counting as open work",SAME
1401,1500,project:igris-ai,0.2414,"igris-ai FR-054 has sat in status ""Split (see FR-061, FR-062, FR-063)"" for 173 days — a split parent should be closed, and none of its three children appear anywhere in the digest","FR-054 still sits open with status 'Split (see FR-061, FR-062, FR-063)' after 176 days — a split parent should be closed, not left counting as open P1 work",SAME
1415,1453,global,0.2414,69 open suggestions are all from two mechanical modules (stalled/gap) and 62 concern one dormant project — the review queue is drowning its own signal,The suggestion queue is ~90% one project's stall/gap alerts — cap per-project suggestions or the reviewable signal is buried,SAME
1417,1595,project:lifeos,0.2414,lifeOS has 14 open briefs including a P0 accessibility regression but zero learnings recorded — a full bug sweep produced briefs and no captured knowledge,lifeOS has 14 open briefs untouched for ~124 days — including a P0-Critical a11y regression (BR-023) — yet zero of them appear in the stalled queue,DIFFERENT
1419,1554,project:igris-ai,0.2414,"FR-054 still sits open with status 'Split (see FR-061, FR-062, FR-063)' after 174 days — a split parent should be closed, not left counting as open work",FR-054 is still listed as an open P1 brief 177 days after being split into FR-061/062/063 — a split parent left open inflates the backlog and none of its children appear in the digest,SAME
1432,1482,global,0.2414,Suggestion queue is 96% one project — cap per-project stalled/gap suggestions so real cross-project findings aren't buried,"The stalled+gap modules emitted 60+ near-identical suggestions, 55 of them for one dormant project — add per-project rollup/caps before the queue stops being readable",SAME
1432,1663,global,0.2414,Suggestion queue is 96% one project — cap per-project stalled/gap suggestions so real cross-project findings aren't buried,The stalled+gap modules emitted ~60 near-identical suggestions all for fifty_eco_system — add per-project rollup or a dormancy suppression rule so real signal isn't buried,SAME
1432,1671,global,0.2414,Suggestion queue is 96% one project — cap per-project stalled/gap suggestions so real cross-project findings aren't buried,"The stalled + gap modules have queued ~60 near-identical suggestions, 55 of them for one dormant project — add per-project rollup/caps so the review queue stays readable",SAME
1453,1482,global,0.2414,The suggestion queue is ~90% one project's stall/gap alerts — cap per-project suggestions or the reviewable signal is buried,"The stalled+gap modules emitted 60+ near-identical suggestions, 55 of them for one dormant project — add per-project rollup/caps before the queue stops being readable",SAME
1453,1663,global,0.2414,The suggestion queue is ~90% one project's stall/gap alerts — cap per-project suggestions or the reviewable signal is buried,The stalled+gap modules emitted ~60 near-identical suggestions all for fifty_eco_system — add per-project rollup or a dormancy suppression rule so real signal isn't buried,SAME
1453,1671,global,0.2414,The suggestion queue is ~90% one project's stall/gap alerts — cap per-project suggestions or the reviewable signal is buried,"The stalled + gap modules have queued ~60 near-identical suggestions, 55 of them for one dormant project — add per-project rollup/caps so the review queue stays readable",SAME
1454,1557,project:lifeos,0.2414,BR-023 is a P0-Critical accessibility regression sitting In Progress for 117 days with no learnings ever recorded for lifeOS,"lifeOS carries 14 open briefs including a P0 accessibility regression (BR-023) and 7 P1 bugs, all untouched for ~123 days, yet the project has produced zero learnings and no suggestion has ever been raised for it",EXCLUDED
1460,1537,project:fifty_eco_system,0.2414,"27 briefs marked Done with unchecked acceptance criteria is a process failure, not 27 findings — the Done transition is not gated on criteria",All 27 'Done with unchecked acceptance criteria' suggestions predate the closing-commit gate — verify the gate covers this project rather than triaging the 27 legacy briefs one by one,SAME
1495,1528,project:lifeos,0.2414,lifeOS has 14 open briefs including a P0 accessibility regression but zero learnings and no recorded activity — the brain is capturing nothing from this project,lifeOS BR-023 is the only P0-Critical brief in the digest and has sat In Progress for 119 days with no recorded project activity,DIFFERENT
1495,1538,project:lifeos,0.2414,lifeOS has 14 open briefs including a P0 accessibility regression but zero learnings and no recorded activity — the brain is capturing nothing from this project,lifeOS BR-023 is P0-Critical and has sat In Progress for 119 days with 13 other open briefs behind it and zero captured learnings,DIFFERENT
1500,1554,project:igris-ai,0.2414,"FR-054 still sits open with status 'Split (see FR-061, FR-062, FR-063)' after 176 days — a split parent should be closed, not left counting as open P1 work",FR-054 is still listed as an open P1 brief 177 days after being split into FR-061/062/063 — a split parent left open inflates the backlog and none of its children appear in the digest,SAME
1633,1664,project:fifty_eco_system,0.2414,"27 fifty_eco_system briefs were closed with unchecked acceptance criteria — treat as one process failure, not 27 separate reviews","27 briefs marked Done with unchecked acceptance criteria points at a broken completion gate, not 27 separate oversights — verify the AC parser isn't failing open here",SAME
1633,1680,project:fifty_eco_system,0.2414,"27 fifty_eco_system briefs were closed with unchecked acceptance criteria — treat as one process failure, not 27 separate reviews","27 fifty_eco_system briefs are Done with unchecked acceptance criteria — the same failure mode learning 1368 measured in mbrgea-ai (a fail-open AC parser), so check the parser before re-auditing the briefs",SAME
1633,1691,project:fifty_eco_system,0.2414,"27 fifty_eco_system briefs were closed with unchecked acceptance criteria — treat as one process failure, not 27 separate reviews","27 fifty_eco_system briefs are marked Done with unchecked acceptance criteria — the Done transition is not gated, matching the parser fail-open defect already learned in mbrgea-ai",SAME
1274,1345,project:igris-ai,0.2400,"FR-054's status is the free-text 'Split (see FR-061, FR-062, FR-063)' — a split brief has no terminal state, so it counts as open forever","FR-054 is still open with status 'Split (see FR-061, FR-062, FR-063)' — a split parent left open counts against the backlog and none of the three children appear in the digest",SAME
1294,1345,project:igris-ai,0.2400,"FR-054 has sat in status 'Split (see FR-061, FR-062, FR-063)' for 163 days — a split parent should be closed, not left open as a P1","FR-054 is still open with status 'Split (see FR-061, FR-062, FR-063)' — a split parent left open counts against the backlog and none of the three children appear in the digest",SAME
1304,1316,project:igris-ai,0.2400,"FR-054 sits in a non-canonical status 'Split (see FR-061, FR-062, FR-063)' that the new status vocabulary normalization does not cover","FR-054 carries the non-vocabulary status 'Split (see FR-061, FR-062, FR-063)' and is still counted open — its children aren't in the digest to confirm the split landed",SAME
1308,1444,project:igris-ai,0.2400,"FR-054 is still counted as open with status 'Split (see FR-061, FR-062, FR-063)' — a split parent should be closed, not left in the open queue","FR-054 sits in the non-canonical status 'Split (see FR-061, FR-062, FR-063)' and still counts as an open P1 — close it now that a status-vocabulary gate exists",SAME
1308,1456,project:igris-ai,0.2400,"FR-054 is still counted as open with status 'Split (see FR-061, FR-062, FR-063)' — a split parent should be closed, not left in the open queue",FR-054 is still counted as an open brief although its status says it was split into FR-061/062/063 — close it so the open count stops double-counting,SAME
1308,1601,project:igris-ai,0.2400,"FR-054 is still counted as open with status 'Split (see FR-061, FR-062, FR-063)' — a split parent should be closed, not left in the open queue",FR-054 is still counted open although its status says it was split into FR-061/062/063 — close it so the open-brief count reflects real work,SAME
1332,1674,project:lifeos,0.2400,"BR-023 is the only P0-Critical brief in the brain, In Progress and untouched for 109 days, yet no stalled suggestion has ever been raised for it",lifeOS has 14 briefs including a P0-Critical accessibility regression (BR-023) untouched for 129 days and no recorded project activity,DIFFERENT
1345,1529,project:igris-ai,0.2400,"FR-054 is still open with status 'Split (see FR-061, FR-062, FR-063)' — a split parent left open counts against the backlog and none of the three children appear in the digest","FR-054 is still counted as open with status 'Split (see FR-061, FR-062, FR-063)' — a terminal split state is being tracked as live work",SAME
1345,1540,project:igris-ai,0.2400,"FR-054 is still open with status 'Split (see FR-061, FR-062, FR-063)' — a split parent left open counts against the backlog and none of the three children appear in the digest","FR-054 is still counted open with status 'Split (see FR-061, FR-062, FR-063)' — a terminal state wearing a non-vocabulary status string",SAME
1356,1472,project:fifty_eco_system,0.2400,fifty_eco_system holds 34 open briefs and 0 learnings with no recorded activity — decide archive-vs-revive as one call instead of 34,fifty_eco_system has 34 open briefs but zero activity in 172 days — decide whether to archive the project or schedule a deliberate revival,SAME
1396,1649,project:lifeos,0.2400,"lifeOS BR-023 is P0-Critical and In Progress with 115 days of no update, and no stalled suggestion has ever been raised for it",lifeOS carries 14 open briefs — including a P0 a11y regression (BR-023) and eight P1 bugs — untouched for ~126 days with no learnings ever captured,DIFFERENT
1406,1673,project:igris-ai,0.2400,"FR-054 has status 'Split (see FR-061, FR-062, FR-063)' yet still counts as an open P1 brief — split parents should close, or the successors are missing","FR-054 has sat open in status 'Split (see FR-061, FR-062, FR-063)' for 187 days — a split parent should be closed once its children exist",SAME
1427,1669,project:igris-ai,0.2400,"FR-054 is still counted as an open brief 174 days after being split into FR-061/062/063 — 'Split (see ...)' is not a terminal status, so the parent never closes","FR-054 has been sitting in the non-terminal status 'Split (see FR-061, FR-062, FR-063)' for 183 days — close it or restore it to a real status",SAME
1433,1600,project:lifeos,0.2400,"lifeOS has 14 open briefs including a P0-Critical a11y regression (BR-023) idle 116 days, yet zero learnings and no recorded activity","lifeOS BR-023 is P0-Critical and has sat In Progress for 123 days, with 13 more P1/P2 briefs behind it and no alert in the queue",DIFFERENT
1433,1687,project:lifeos,0.2400,"lifeOS has 14 open briefs including a P0-Critical a11y regression (BR-023) idle 116 days, yet zero learnings and no recorded activity",lifeOS BR-023 is the only P0-Critical brief in the brain and has sat In Progress for 130 days with no activity record,DIFFERENT
1433,1697,project:lifeos,0.2400,"lifeOS has 14 open briefs including a P0-Critical a11y regression (BR-023) idle 116 days, yet zero learnings and no recorded activity","BR-023, the only P0-Critical brief in the system, has been 'In Progress' for 130 days with no lifeOS activity recorded at all",DIFFERENT
1435,1650,project:igris-ai,0.2400,"FR-054 still counts as open with status 'Split (see FR-061, FR-062, FR-063)' — a split parent should be closed, not left In Progress for 174 days","FR-054 has status 'Split (see FR-061, FR-062, FR-063)' yet still counts as an open P1 brief — close it so the split children are the only live work",SAME
1436,1590,project:fifty_eco_system,0.2400,BR-128 status is the unparsed string 'Done(Resolvedbydec8d1f)' yet it is still listed as an open brief — whitespace-stripped status is defeating the done-filter,BR-128 shows status 'Done(Resolvedbydec8d1f)' yet still appears in open_briefs — the status parser is not recognising Done when a resolution suffix is appended,SAME
1444,1575,project:igris-ai,0.2400,"FR-054 sits in the non-canonical status 'Split (see FR-061, FR-062, FR-063)' and still counts as an open P1 — close it now that a status-vocabulary gate exists","FR-054 is still counted as an open brief despite status 'Split (see FR-061, FR-062, FR-063)' — it should be closed so the split children carry the work",SAME
1444,1669,project:igris-ai,0.2400,"FR-054 sits in the non-canonical status 'Split (see FR-061, FR-062, FR-063)' and still counts as an open P1 — close it now that a status-vocabulary gate exists","FR-054 has been sitting in the non-terminal status 'Split (see FR-061, FR-062, FR-063)' for 183 days — close it or restore it to a real status",SAME
1445,1590,project:fifty_eco_system,0.2400,BR-128 is recorded as 'Done(Resolvedbydec8d1f)' yet still appears in the open-briefs list — a resolved brief leaking into open counts,BR-128 shows status 'Done(Resolvedbydec8d1f)' yet still appears in open_briefs — the status parser is not recognising Done when a resolution suffix is appended,SAME
1466,1650,project:igris-ai,0.2400,"FR-054 is still counted as an open P1 brief despite a status of 'Split (see FR-061, FR-062, FR-063)' — a split parent should be closed, not left open for 175 days","FR-054 has status 'Split (see FR-061, FR-062, FR-063)' yet still counts as an open P1 brief — close it so the split children are the only live work",SAME
1472,1804,project:fifty_eco_system,0.2400,fifty_eco_system has 34 open briefs but zero activity in 172 days — decide whether to archive the project or schedule a deliberate revival,Five fifty_eco_system briefs sit in 'In Progress' with 190 days of zero project activity — 'In Progress' no longer means anyone is working on them,DIFFERENT
1532,1790,project:attendance_app,0.2400,BR-002 'Rebrand to Moca Design' and BR-003 'Polish Moca Rebrand to 100% Accuracy' are both In Progress at P1-High — BR-003 presupposes BR-002 is finished,BR-003 'Polish Moca Rebrand to 100% Accuracy' is In Progress alongside its own prerequisite BR-002 'Rebrand Attendance App to Moca Design' — a polish brief opened before the thing it polishes exists,SAME
1532,1799,project:attendance_app,0.2400,BR-002 'Rebrand to Moca Design' and BR-003 'Polish Moca Rebrand to 100% Accuracy' are both In Progress at P1-High — BR-003 presupposes BR-002 is finished,BR-003 'Polish Moca Rebrand to 100% Accuracy' is In Progress alongside its own prerequisite BR-002 'Rebrand Attendance App to Moca Design' — the polish brief cannot legitimately be in flight before the rebrand lands,SAME
1540,1568,project:igris-ai,0.2400,"FR-054 is still counted open with status 'Split (see FR-061, FR-062, FR-063)' — a terminal state wearing a non-vocabulary status string","FR-054 still sits in open_briefs with status 'Split (see FR-061, FR-062, FR-063)' after 180 days — a split parent should be closed, not left counting against open work",SAME
1590,1651,project:fifty_eco_system,0.2400,BR-128 shows status 'Done(Resolvedbydec8d1f)' yet still appears in open_briefs — the status parser is not recognising Done when a resolution suffix is appended,"BR-128's status is the unparseable literal 'Done(Resolvedbydec8d1f)' — a resolution note collapsed into the status field, so a Done brief is still listed as open",SAME
1595,1665,project:lifeos,0.2400,lifeOS has 14 open briefs untouched for ~124 days — including a P0-Critical a11y regression (BR-023) — yet zero of them appear in the stalled queue,lifeOS BR-023 is P0-Critical and has sat In Progress for 125 days with no stalled suggestion ever raised for it,DIFFERENT
1650,1673,project:igris-ai,0.2400,"FR-054 has status 'Split (see FR-061, FR-062, FR-063)' yet still counts as an open P1 brief — close it so the split children are the only live work","FR-054 has sat open in status 'Split (see FR-061, FR-062, FR-063)' for 187 days — a split parent should be closed once its children exist",SAME
1274,1294,project:igris-ai,0.2381,"FR-054's status is the free-text 'Split (see FR-061, FR-062, FR-063)' — a split brief has no terminal state, so it counts as open forever","FR-054 has sat in status 'Split (see FR-061, FR-062, FR-063)' for 163 days — a split parent should be closed, not left open as a P1",SAME
1378,1547,project:fifty_eco_system,0.2381,"All 34 fifty_eco_system briefs share days_since_update 170 and the project has null activity — the backlog looks abandoned, not stalled; consider a bulk triage-or-archive pass rather than 30 more per-brief stall alerts","fifty_eco_system has 34 open briefs and 178-day-stale updates with zero repo activity in 174 days — decide whether to archive the project or restart it, rather than triaging briefs one at a time",SAME
1378,1670,project:fifty_eco_system,0.2381,"All 34 fifty_eco_system briefs share days_since_update 170 and the project has null activity — the backlog looks abandoned, not stalled; consider a bulk triage-or-archive pass rather than 30 more per-brief stall alerts","fifty_eco_system holds 34 open briefs but has had zero activity for 184 days — decide whether to revive, descope, or archive the whole project rather than triaging 30 stalled briefs one by one",SAME
1447,1543,project:igris-ai,0.2381,Six recent learnings restate one rule — 'a partial sweep of a claim class is the recurring defect' — and should be consolidated into a single canonical entry or promoted to a project doc,"Six recent learnings all describe the same partial-sweep defect — the 'correct one occurrence, miss its siblings' class is now the most frequent failure and warrants a standing check rather than another learning",SAME
1486,1579,global,0.2381,"Four active projects with open briefs (lifeOS 14, attendance_app 4, hadir-system 1, moca-hr-agent 1) have zero learnings and null activity — work there is not reaching the brain","The four projects with the most open briefs outside igris-ai/mbrgea-ai (fifty-dev 61, lifeOS 14, hero-lab 18, attendance_app 4) have captured almost no learnings — knowledge is only being harvested where the operator already lives",SAME
1313,1378,project:fifty_eco_system,0.2368,"34 open briefs in fifty_eco_system have all sat untouched for 167 days — the project looks abandoned, not backlogged; decide to archive or re-activate it wholesale","All 34 fifty_eco_system briefs share days_since_update 170 and the project has null activity — the backlog looks abandoned, not stalled; consider a bulk triage-or-archive pass rather than 30 more per-brief stall alerts",SAME
1340,1821,project:fifty_eco_system,0.2368,"Two project slugs for the same codebase — 'fifty_eco_system' (34 open briefs, 0 learnings) and 'fifty-eco-system' (0 open briefs, 7 learnings) — briefs and knowledge are split across a hyphen/underscore variant","fifty_eco_system has 33 open briefs but only 7 learnings in 187 days — the project consumes brief-writing effort and returns almost no knowledge, which is the strongest single argument for archiving it outright",DIFFERENT
1378,1599,project:fifty_eco_system,0.2368,"All 34 fifty_eco_system briefs share days_since_update 170 and the project has null activity — the backlog looks abandoned, not stalled; consider a bulk triage-or-archive pass rather than 30 more per-brief stall alerts",fifty_eco_system has 34 open briefs and no activity for 178 days — decide whether to revive or shelve the project instead of triaging 30 individual stall alerts,SAME
1378,1696,project:fifty_eco_system,0.2368,"All 34 fifty_eco_system briefs share days_since_update 170 and the project has null activity — the backlog looks abandoned, not stalled; consider a bulk triage-or-archive pass rather than 30 more per-brief stall alerts",fifty_eco_system holds 33 open briefs with zero activity for 185 days — the whole backlog is stale and needs a bulk triage or archive decision,SAME
1395,1680,project:fifty_eco_system,0.2368,"27 fifty_eco_system briefs are Done with unchecked acceptance criteria — this looks like a per-project closing habit, and the gate that now refuses such commits landed only recently","27 fifty_eco_system briefs are Done with unchecked acceptance criteria — the same failure mode learning 1368 measured in mbrgea-ai (a fail-open AC parser), so check the parser before re-auditing the briefs",SAME
1395,1691,project:fifty_eco_system,0.2368,"27 fifty_eco_system briefs are Done with unchecked acceptance criteria — this looks like a per-project closing habit, and the gate that now refuses such commits landed only recently","27 fifty_eco_system briefs are marked Done with unchecked acceptance criteria — the Done transition is not gated, matching the parser fail-open defect already learned in mbrgea-ai",SAME
1438,1505,project:mbrgea-ai,0.2368,Partial-sweep corrections are mbrgea-ai's self-declared most frequent defect and igris-ai keeps re-learning the same lesson — promote one sweep rule into project guidelines instead of logging a sixth learning,mbrgea-ai's own most-frequent defect is the partial sweep (learning 1246) and it now carries 54 open briefs at 158 learnings — worth a targeted sweep audit rather than more briefs,EXCLUDED
1446,1660,project:lifeos,0.2368,lifeOS has 14 open briefs including a P0 accessibility regression but zero recorded learnings and no activity timestamp — the project is producing work the brain never captures,"Four active projects carry 19 open briefs between them and zero learnings — nothing from lifeOS, attendance_app, hadir-system or moca-hr-agent has ever been harvested into the brain",DIFFERENT
1469,1513,project:attendance_app,0.2368,"attendance_app has 4 open P1 briefs and a visible commit stream (Microsoft SSO, rebrand, geolocation licensing) but zero learnings recorded — shipped work is not being harvested","attendance_app, lifeOS, hadir-system and moca-hr-agent have open briefs but zero learnings recorded — either work is happening without harvest, or these projects are inactive and should be marked so",DIFFERENT
1482,1548,global,0.2368,"The stalled+gap modules emitted 60+ near-identical suggestions, 55 of them for one dormant project — add per-project rollup/caps before the queue stops being readable",The suggestion queue is 60 items of which ~57 are mechanical per-brief 'stalled'/'gap' rows from two modules on one project — the stalled and gap modules need per-project aggregation before they drown real signal,SAME
1507,1679,global,0.2368,The suggestion queue is 69 items of which ~60 are mechanical stalled/gap alerts against one dormant project — raise the stalled-module threshold or scope it to active projects before it drowns real signal,"The stalled/gap modules emit one suggestion per brief — 69 queued items are ~3 findings, and the queue will drown any new signal until they are collapsed",SAME
1508,1520,project:fifty_eco_system,0.2368,"27 fifty_eco_system briefs are marked Done with unchecked acceptance criteria — this is one closing-ritual defect, not 27 briefs to reopen; fix the close step or backfill the checkboxes in a single pass","27 briefs are marked Done with unchecked acceptance criteria, yet commit 03adca2 added a gate that refuses exactly that — the backlog predates the gate and will never be swept by it",SAME
1513,1685,project:attendance_app,0.2368,"attendance_app, lifeOS, hadir-system and moca-hr-agent have open briefs but zero learnings recorded — either work is happening without harvest, or these projects are inactive and should be marked so",attendance_app carries 4 P1-High briefs (three of them In Progress) but has 0 learnings and no recorded activity date — either the work is not being tracked or the briefs are stale,DIFFERENT
1292,1508,project:fifty_eco_system,0.2353,"27 'Done but unchecked acceptance criteria' suggestions all land on fifty_eco_system — treat as one process defect (bulk AC audit), not 27 individual reviews","27 fifty_eco_system briefs are marked Done with unchecked acceptance criteria — this is one closing-ritual defect, not 27 briefs to reopen; fix the close step or backfill the checkboxes in a single pass",SAME
1296,1424,project:fifty_eco_system,0.2353,fifty_eco_system's entire 34-brief backlog is uniformly 143–163 days stale with zero commits — decide bulk-archive vs. revival rather than triaging 30 stall alerts individually,"fifty_eco_system has 34 open briefs but no activity for 171 days — decide whether to archive the project or re-commit to it, rather than triaging 30+ stalled-brief suggestions one at a time",SAME
1302,1520,project:fifty_eco_system,0.2353,"Commit 03adca2 now refuses closing commits on unticked criteria, but the 27 already-Done briefs flagged by the gap module were never reconciled","27 briefs are marked Done with unchecked acceptance criteria, yet commit 03adca2 added a gate that refuses exactly that — the backlog predates the gate and will never be swept by it",SAME
1310,1330,project:fifty_eco_system,0.2353,"Near-duplicate project slugs (fifty_eco_system vs fifty-eco-system, hadir vs hadir-system vs fya-hadir-app vs moca-hadir-app) are splitting one project's history across several rows","Two project slugs for the same codebase — 'fifty_eco_system' (34 open briefs, 0 learnings) and 'fifty-eco-system' (0 briefs, 7 learnings) — the brief and learning layers are split across a naming variant",EXCLUDED
1312,1520,project:fifty_eco_system,0.2353,"27 briefs marked Done with unchecked acceptance criteria are all in one project — this is a workflow defect in how fifty_eco_system closes briefs, not 27 findings","27 briefs are marked Done with unchecked acceptance criteria, yet commit 03adca2 added a gate that refuses exactly that — the backlog predates the gate and will never be swept by it",SAME
1318,1468,project:fifty_eco_system,0.2353,"27 briefs are Done with unchecked acceptance criteria, but a commit gate now refuses exactly this — decide whether the historical backlog gets audited or grandfathered","27 fifty_eco_system briefs were marked Done with unchecked acceptance criteria — treat this as one process defect in the close ritual, not 27 individual cleanups",SAME
1318,1567,project:fifty_eco_system,0.2353,"27 briefs are Done with unchecked acceptance criteria, but a commit gate now refuses exactly this — decide whether the historical backlog gets audited or grandfathered","27 fifty_eco_system briefs were marked Done with unchecked acceptance criteria — the closing ritual does not enforce the AC gate, so 'Done' carries no verification signal here",SAME
1384,1525,global,0.2353,66 of 69 queued suggestions are single-project fifty_eco_system stall/gap alerts — the review queue is saturated by one dormant project and will bury anything new,The stalled/gap modules have queued 69 near-identical suggestions (30 stalled + 27 gap on fifty_eco_system alone) — add per-project caps or roll-ups before the review queue becomes unreadable,SAME
1408,1503,project:igris-ai,0.2353,'A check that reports success without having checked' is already named as a recurring class (1248) and has kept recurring since — three later learnings are fresh instances,'A check that reports success without having checked' keeps recurring across projects — consider promoting learning 1248 into a project-context doc so it stops being re-learned,SAME
1415,1605,global,0.2353,69 open suggestions are all from two mechanical modules (stalled/gap) and 62 concern one dormant project — the review queue is drowning its own signal,29 of the 33 queued 'stalled' suggestions are the same finding about one dormant project — the stalled module needs per-project aggregation before it buries higher-signal findings,SAME
1446,1502,project:lifeos,0.2353,lifeOS has 14 open briefs including a P0 accessibility regression but zero recorded learnings and no activity timestamp — the project is producing work the brain never captures,lifeOS BR-023 is the only P0-Critical brief anywhere in the digest and it has been In Progress for 118 days with 13 sibling P1 bugs behind it and zero recorded learnings for the project,DIFFERENT
1465,1553,project:lifeos,0.2353,All 14 lifeOS briefs date to a single 117–118 day old QA sweep and the project reports no activity since — the sweep produced briefs but never produced work,"lifeOS carries 14 open briefs including a P0 accessibility regression and eight P1 bugs, but has zero learnings and no recorded activity — the project is accumulating defects with no knowledge capture at all",DIFFERENT
1468,1613,project:fifty_eco_system,0.2353,"27 fifty_eco_system briefs were marked Done with unchecked acceptance criteria — treat this as one process defect in the close ritual, not 27 individual cleanups","27 briefs are Done with unchecked acceptance criteria while learning 1368 reports the AC-parser fails open on heading variants — the backlog may be a parser artifact, not 27 real gaps",SAME
1482,1605,global,0.2353,"The stalled+gap modules emitted 60+ near-identical suggestions, 55 of them for one dormant project — add per-project rollup/caps before the queue stops being readable",29 of the 33 queued 'stalled' suggestions are the same finding about one dormant project — the stalled module needs per-project aggregation before it buries higher-signal findings,SAME
1504,1559,project:igris-ai,0.2353,Learnings 1304 and 1315 state nearly the same rule about occurrence-granular sweeps — merge them before the pair dilutes recall for the sweep class,Six learnings restate one rule — sweep a claim class occurrence-granular across all siblings before closing — and it is still being re-learned rather than enforced,DIFFERENT
1511,1595,project:lifeos,0.2353,"lifeOS filed 14 briefs on the same day 120 days ago, nine of them P1-High and one P0-Critical, and none has moved since — the priorities are not being used as a queue",lifeOS has 14 open briefs untouched for ~124 days — including a P0-Critical a11y regression (BR-023) — yet zero of them appear in the stalled queue,DIFFERENT
1520,1606,project:fifty_eco_system,0.2353,"27 briefs are marked Done with unchecked acceptance criteria, yet commit 03adca2 added a gate that refuses exactly that — the backlog predates the gate and will never be swept by it",27 briefs closed as Done with unticked acceptance criteria predate the new closing-commit gate — confirm the gate is active for this project or backfill the criteria,SAME
1553,1595,project:lifeos,0.2353,"lifeOS carries 14 open briefs including a P0 accessibility regression and eight P1 bugs, but has zero learnings and no recorded activity — the project is accumulating defects with no knowledge capture at all",lifeOS has 14 open briefs untouched for ~124 days — including a P0-Critical a11y regression (BR-023) — yet zero of them appear in the stalled queue,DIFFERENT
1565,1821,project:fifty_eco_system,0.2353,fifty_eco_system has 34 open briefs but zero activity in 177 days — decide whether to archive the project or schedule a deliberate revival sprint,"fifty_eco_system has 33 open briefs but only 7 learnings in 187 days — the project consumes brief-writing effort and returns almost no knowledge, which is the strongest single argument for archiving it outright",SAME
1567,1613,project:fifty_eco_system,0.2353,"27 fifty_eco_system briefs were marked Done with unchecked acceptance criteria — the closing ritual does not enforce the AC gate, so 'Done' carries no verification signal here","27 briefs are Done with unchecked acceptance criteria while learning 1368 reports the AC-parser fails open on heading variants — the backlog may be a parser artifact, not 27 real gaps",SAME
1567,1652,project:fifty_eco_system,0.2353,"27 fifty_eco_system briefs were marked Done with unchecked acceptance criteria — the closing ritual does not enforce the AC gate, so 'Done' carries no verification signal here","27 queued 'Done but unchecked acceptance criteria' suggestions are one process gap, not 27 findings — the AC gate (commit 03adca2) landed after these briefs closed",SAME
1605,1671,global,0.2353,29 of the 33 queued 'stalled' suggestions are the same finding about one dormant project — the stalled module needs per-project aggregation before it buries higher-signal findings,"The stalled + gap modules have queued ~60 near-identical suggestions, 55 of them for one dormant project — add per-project rollup/caps so the review queue stays readable",SAME
1608,1826,project:lifeos,0.2353,"lifeOS holds a P0-Critical accessibility regression plus 13 other open briefs, has zero learnings, and reports no recorded activity at all","lifeOS BR-023 (P0-Critical a11y regression) is the root cause of at least three other open lifeOS briefs (BR-030, BR-031, BR-035) — they are one accessibility-tree defect filed as four, and fixing BR-023 likely closes the rest",DIFFERENT
1668,1789,project:attendance_app,0.2353,"attendance_app has 4 open briefs and a large body of matching commits, but null recorded activity and zero learnings — brain tracking appears disconnected from the repo","attendance_app has three briefs stuck 'In Progress' for 169 days (BR-002, BR-003, BR-004) with zero recorded activity and zero learnings — In Progress is being used as a filing state, not a work state",DIFFERENT
1668,1805,project:attendance_app,0.2353,"attendance_app has 4 open briefs and a large body of matching commits, but null recorded activity and zero learnings — brain tracking appears disconnected from the repo",All four attendance_app briefs are P1-High and three are 'In Progress' at 170 days with the project reporting null activity — the app has no recorded execution at all,DIFFERENT
1272,1402,project:fifty_eco_system,0.2333,All 34 fifty_eco_system briefs are 143-163 days untouched with no project activity — archive or park the project rather than letting it generate suggestions forever,fifty_eco_system holds 34 open briefs but has had zero activity for 171 days — decide whether to archive the project or schedule a deliberate restart,SAME
1272,1696,project:fifty_eco_system,0.2333,All 34 fifty_eco_system briefs are 143-163 days untouched with no project activity — archive or park the project rather than letting it generate suggestions forever,fifty_eco_system holds 33 open briefs with zero activity for 185 days — the whole backlog is stale and needs a bulk triage or archive decision,SAME
1291,1473,project:lifeos,0.2333,lifeOS has 14 open briefs including a P0-Critical a11y regression but zero learnings and no recorded activity — work is being briefed but nothing is being harvested,lifeOS has 14 briefs untouched for ~119 days — including a P0-Critical a11y regression (BR-023) — yet no stall suggestion has ever been raised for the project,DIFFERENT
1295,1626,project:fifty_eco_system,0.2333,BR-128's status is the unparsed string 'Done(Resolvedbydec8d1f)' — a done brief is leaking into the open-briefs list via a status field that lost its whitespace,"BR-128 shows status 'Done(Resolvedbydec8d1f)' — a whitespace-stripped free-text status that a Done-state parser will not match, and it is still counted as an open brief",SAME
1356,1424,project:fifty_eco_system,0.2333,fifty_eco_system holds 34 open briefs and 0 learnings with no recorded activity — decide archive-vs-revive as one call instead of 34,"fifty_eco_system has 34 open briefs but no activity for 171 days — decide whether to archive the project or re-commit to it, rather than triaging 30+ stalled-brief suggestions one at a time",SAME
1365,1467,project:fifty_eco_system,0.2333,BR-128's status is the unspaced string 'Done(Resolvedbydec8d1f)' yet it appears in the open-briefs list — status parsing is dropping whitespace and not recognising Done,BR-128 is marked 'Done (Resolved by dec8d1f)' yet still appears in the open-brief set — a status-parsing or close-sweep gap that inflates every open-brief count,SAME
1379,1608,project:lifeos,0.2333,"BR-023 is the only P0-Critical brief in the whole brain, In Progress and untouched for 112 days, with 13 more P1/P2 lifeOS briefs behind it and zero recorded learnings for the project","lifeOS holds a P0-Critical accessibility regression plus 13 other open briefs, has zero learnings, and reports no recorded activity at all",DIFFERENT
1384,1801,global,0.2333,66 of 69 queued suggestions are single-project fifty_eco_system stall/gap alerts — the review queue is saturated by one dormant project and will bury anything new,"44 of the 60 open suggestions are low-value edge_inference rows — the operator's review queue is 73% noise, which will bury the 16 substantive findings",DIFFERENT
1404,1495,project:lifeos,0.2333,lifeOS BR-023 is the only P0-Critical brief in the brain and has sat In Progress for 116 days with no learnings ever captured for the project,lifeOS has 14 open briefs including a P0 accessibility regression but zero learnings and no recorded activity — the brain is capturing nothing from this project,DIFFERENT
1432,1679,global,0.2333,Suggestion queue is 96% one project — cap per-project stalled/gap suggestions so real cross-project findings aren't buried,"The stalled/gap modules emit one suggestion per brief — 69 queued items are ~3 findings, and the queue will drown any new signal until they are collapsed",SAME
1433,1657,project:lifeos,0.2333,"lifeOS has 14 open briefs including a P0-Critical a11y regression (BR-023) idle 116 days, yet zero learnings and no recorded activity","BR-023 is lifeOS's only P0-Critical brief, In Progress and untouched for 125 days, and sits under 13 sibling briefs — the a11y role regression likely explains several of them",DIFFERENT
1446,1528,project:lifeos,0.2333,lifeOS has 14 open briefs including a P0 accessibility regression but zero recorded learnings and no activity timestamp — the project is producing work the brain never captures,lifeOS BR-023 is the only P0-Critical brief in the digest and has sat In Progress for 119 days with no recorded project activity,DIFFERENT
1446,1538,project:lifeos,0.2333,lifeOS has 14 open briefs including a P0 accessibility regression but zero recorded learnings and no activity timestamp — the project is producing work the brain never captures,lifeOS BR-023 is P0-Critical and has sat In Progress for 119 days with 13 other open briefs behind it and zero captured learnings,DIFFERENT
1453,1679,global,0.2333,The suggestion queue is ~90% one project's stall/gap alerts — cap per-project suggestions or the reviewable signal is buried,"The stalled/gap modules emit one suggestion per brief — 69 queued items are ~3 findings, and the queue will drown any new signal until they are collapsed",SAME
1456,1554,project:igris-ai,0.2333,FR-054 is still counted as an open brief although its status says it was split into FR-061/062/063 — close it so the open count stops double-counting,FR-054 is still listed as an open P1 brief 177 days after being split into FR-061/062/063 — a split parent left open inflates the backlog and none of its children appear in the digest,SAME
1480,1630,brief:br-001,0.2333,"BR-001 through BR-004 exist concurrently in attendance_app, hadir-system and fifty_eco_system — verify brief ids are project-scoped everywhere the recent identity fixes touched","The stalled-brief detector only fires for fifty_eco_system and attendance_app, missing 14 lifeOS and 4 hadir/hadir-system briefs idle 118-167 days",DIFFERENT
1495,1649,project:lifeos,0.2333,lifeOS has 14 open briefs including a P0 accessibility regression but zero learnings and no recorded activity — the brain is capturing nothing from this project,lifeOS carries 14 open briefs — including a P0 a11y regression (BR-023) and eight P1 bugs — untouched for ~126 days with no learnings ever captured,SAME
1501,1562,project:fifty_eco_system,0.2333,"BR-128 is listed among open briefs with status 'Done(Resolvedbydec8d1f)' — a resolved brief leaking into the open set, and the mangled spacing suggests a status-parsing defect",BR-128 is recorded as Done (resolved by dec8d1f) yet still counts as an open brief in the digest — closed briefs are not leaving the open set,SAME
1538,1657,project:lifeos,0.2333,lifeOS BR-023 is P0-Critical and has sat In Progress for 119 days with 13 other open briefs behind it and zero captured learnings,"BR-023 is lifeOS's only P0-Critical brief, In Progress and untouched for 125 days, and sits under 13 sibling briefs — the a11y role regression likely explains several of them",SAME
1542,1630,brief:br-001,0.2333,"BR-001 exists concurrently in hadir-system, attendance_app and (as a closed gap suggestion) fifty_eco_system — brief ids are only project-unique, so any cross-project citation is ambiguous","The stalled-brief detector only fires for fifty_eco_system and attendance_app, missing 14 lifeOS and 4 hadir/hadir-system briefs idle 118-167 days",DIFFERENT
1554,1601,project:igris-ai,0.2333,FR-054 is still listed as an open P1 brief 177 days after being split into FR-061/062/063 — a split parent left open inflates the backlog and none of its children appear in the digest,FR-054 is still counted open although its status says it was split into FR-061/062/063 — close it so the open-brief count reflects real work,SAME
901,1575,project:igris-ai,0.2308,FR-054 was split into FR-061/062/063 127 days ago but the parent brief is still open — close/archive it to stop counting a superseded parent as active work.,"FR-054 is still counted as an open brief despite status 'Split (see FR-061, FR-062, FR-063)' — it should be closed so the split children carry the work",SAME
901,1591,project:igris-ai,0.2308,FR-054 was split into FR-061/062/063 127 days ago but the parent brief is still open — close/archive it to stop counting a superseded parent as active work.,"FR-054 is marked 'Split (see FR-061, FR-062, FR-063)' but still counts as an open P1 brief after 181 days — split parents should be terminal, not open",SAME
1292,1460,project:fifty_eco_system,0.2308,"27 'Done but unchecked acceptance criteria' suggestions all land on fifty_eco_system — treat as one process defect (bulk AC audit), not 27 individual reviews","27 briefs marked Done with unchecked acceptance criteria is a process failure, not 27 findings — the Done transition is not gated on criteria",SAME
1295,1632,project:fifty_eco_system,0.2308,BR-128's status is the unparsed string 'Done(Resolvedbydec8d1f)' — a done brief is leaking into the open-briefs list via a status field that lost its whitespace,BR-128 is listed among open briefs despite status 'Done(Resolvedbydec8d1f)' — the status parser is not recognising the resolution suffix,SAME
1296,1378,project:fifty_eco_system,0.2308,fifty_eco_system's entire 34-brief backlog is uniformly 143–163 days stale with zero commits — decide bulk-archive vs. revival rather than triaging 30 stall alerts individually,"All 34 fifty_eco_system briefs share days_since_update 170 and the project has null activity — the backlog looks abandoned, not stalled; consider a bulk triage-or-archive pass rather than 30 more per-brief stall alerts",SAME
1299,1473,project:lifeos,0.2308,"BR-023 is the only P0-Critical brief in the brain, has sat In Progress for 105 days, and no stalled suggestion covers it",lifeOS has 14 briefs untouched for ~119 days — including a P0-Critical a11y regression (BR-023) — yet no stall suggestion has ever been raised for the project,DIFFERENT
1299,1595,project:lifeos,0.2308,"BR-023 is the only P0-Critical brief in the brain, has sat In Progress for 105 days, and no stalled suggestion covers it",lifeOS has 14 open briefs untouched for ~124 days — including a P0-Critical a11y regression (BR-023) — yet zero of them appear in the stalled queue,DIFFERENT
1306,1681,project:lifeos,0.2308,BR-023 is the only P0-Critical brief in the brain and has sat In Progress for 108 days with no activity,"lifeOS has 14 open briefs including a P0-Critical a11y regression untouched for 129 days, zero captured learnings, and no recorded activity — it is running dark",DIFFERENT
1309,1576,project:fifty_eco_system,0.2308,BR-128 status is the unparsed string 'Done(Resolvedbydec8d1f)' yet the brief still counts as open — status parsing is dropping whitespace and swallowing the Done state,BR-128's status is the malformed literal 'Done(Resolvedbydec8d1f)' — whitespace-stripped text in a status field means status parsing/writing is lossy somewhere,SAME
1316,1466,project:igris-ai,0.2308,"FR-054 carries the non-vocabulary status 'Split (see FR-061, FR-062, FR-063)' and is still counted open — its children aren't in the digest to confirm the split landed","FR-054 is still counted as an open P1 brief despite a status of 'Split (see FR-061, FR-062, FR-063)' — a split parent should be closed, not left open for 175 days",SAME
1316,1512,project:igris-ai,0.2308,"FR-054 carries the non-vocabulary status 'Split (see FR-061, FR-062, FR-063)' and is still counted open — its children aren't in the digest to confirm the split landed","FR-054 still counts as open with status 'Split (see FR-061, FR-062, FR-063)' — a split parent should be closed so it stops occupying the open-brief count",SAME
1316,1517,project:igris-ai,0.2308,"FR-054 carries the non-vocabulary status 'Split (see FR-061, FR-062, FR-063)' and is still counted open — its children aren't in the digest to confirm the split landed","FR-054 still counts as open with status 'Split (see FR-061, FR-062, FR-063)' — a split parent should be closed, not left occupying the P1 open list",SAME
1316,1616,project:igris-ai,0.2308,"FR-054 carries the non-vocabulary status 'Split (see FR-061, FR-062, FR-063)' and is still counted open — its children aren't in the digest to confirm the split landed","FR-054 is still listed as open with status 'Split (see FR-061, FR-062, FR-063)' — a split parent should be closed so it stops occupying the open-brief count",SAME
1316,1673,project:igris-ai,0.2308,"FR-054 carries the non-vocabulary status 'Split (see FR-061, FR-062, FR-063)' and is still counted open — its children aren't in the digest to confirm the split landed","FR-054 has sat open in status 'Split (see FR-061, FR-062, FR-063)' for 187 days — a split parent should be closed once its children exist",SAME
1330,1821,project:fifty_eco_system,0.2308,"Two project slugs for the same codebase — 'fifty_eco_system' (34 open briefs, 0 learnings) and 'fifty-eco-system' (0 briefs, 7 learnings) — the brief and learning layers are split across a naming variant","fifty_eco_system has 33 open briefs but only 7 learnings in 187 days — the project consumes brief-writing effort and returns almost no knowledge, which is the strongest single argument for archiving it outright",DIFFERENT
1345,1493,project:igris-ai,0.2308,"FR-054 is still open with status 'Split (see FR-061, FR-062, FR-063)' — a split parent left open counts against the backlog and none of the three children appear in the digest","FR-054 is still counted as open despite status 'Split (see FR-061, FR-062, FR-063)' — close it so the successors are the only live records",SAME
1356,1431,project:fifty_eco_system,0.2308,fifty_eco_system holds 34 open briefs and 0 learnings with no recorded activity — decide archive-vs-revive as one call instead of 34,fifty_eco_system has 34 open briefs but zero activity for 171 days — decide whether to archive the project or pick a single P1 to restart it,SAME
1356,1565,project:fifty_eco_system,0.2308,fifty_eco_system holds 34 open briefs and 0 learnings with no recorded activity — decide archive-vs-revive as one call instead of 34,fifty_eco_system has 34 open briefs but zero activity in 177 days — decide whether to archive the project or schedule a deliberate revival sprint,SAME
1356,1604,project:fifty_eco_system,0.2308,fifty_eco_system holds 34 open briefs and 0 learnings with no recorded activity — decide archive-vs-revive as one call instead of 34,fifty_eco_system has 34 open briefs but zero activity for 178 days — decide whether to archive the project or schedule a triage sweep,SAME
1356,1628,project:fifty_eco_system,0.2308,fifty_eco_system holds 34 open briefs and 0 learnings with no recorded activity — decide archive-vs-revive as one call instead of 34,fifty_eco_system has 34 open briefs but zero activity for 180 days — decide whether to archive the project or schedule a revival sprint,SAME
1356,1648,project:fifty_eco_system,0.2308,fifty_eco_system holds 34 open briefs and 0 learnings with no recorded activity — decide archive-vs-revive as one call instead of 34,fifty_eco_system has 34 open briefs but zero activity for 180 days — decide whether to archive the project or schedule a deliberate revival,SAME
1364,1609,project:igris-ai,0.2308,FR-054 still counts as open at P1-High while its status says it was split into FR-061/062/063 — the parent should be closed or the children linked,"FR-054 has status 'Split (see FR-061, FR-062, FR-063)' but still counts as an open P1 brief 181 days on — split parents should close, not linger",SAME
1365,1576,project:fifty_eco_system,0.2308,BR-128's status is the unspaced string 'Done(Resolvedbydec8d1f)' yet it appears in the open-briefs list — status parsing is dropping whitespace and not recognising Done,BR-128's status is the malformed literal 'Done(Resolvedbydec8d1f)' — whitespace-stripped text in a status field means status parsing/writing is lossy somewhere,SAME
1394,1499,global,0.2308,"69 open suggestions, 56 of them mechanical stalled/gap rows for a single dormant project — the review queue needs per-project caps or grouping before any new signal can be seen",The suggestion queue is 69 items of which ~60 are single-project 'stalled'/'gap' rows — the stalled and gap modules need per-project aggregation or a dormancy suppression before they drown out anything else,SAME
1394,1507,global,0.2308,"69 open suggestions, 56 of them mechanical stalled/gap rows for a single dormant project — the review queue needs per-project caps or grouping before any new signal can be seen",The suggestion queue is 69 items of which ~60 are mechanical stalled/gap alerts against one dormant project — raise the stalled-module threshold or scope it to active projects before it drowns real signal,SAME
1395,1652,project:fifty_eco_system,0.2308,"27 fifty_eco_system briefs are Done with unchecked acceptance criteria — this looks like a per-project closing habit, and the gate that now refuses such commits landed only recently","27 queued 'Done but unchecked acceptance criteria' suggestions are one process gap, not 27 findings — the AC gate (commit 03adca2) landed after these briefs closed",SAME
1396,1595,project:lifeos,0.2308,"lifeOS BR-023 is P0-Critical and In Progress with 115 days of no update, and no stalled suggestion has ever been raised for it",lifeOS has 14 open briefs untouched for ~124 days — including a P0-Critical a11y regression (BR-023) — yet zero of them appear in the stalled queue,DIFFERENT
1406,1419,project:igris-ai,0.2308,"FR-054 has status 'Split (see FR-061, FR-062, FR-063)' yet still counts as an open P1 brief — split parents should close, or the successors are missing","FR-054 still sits open with status 'Split (see FR-061, FR-062, FR-063)' after 174 days — a split parent should be closed, not left counting as open work",SAME
1406,1500,project:igris-ai,0.2308,"FR-054 has status 'Split (see FR-061, FR-062, FR-063)' yet still counts as an open P1 brief — split parents should close, or the successors are missing","FR-054 still sits open with status 'Split (see FR-061, FR-062, FR-063)' after 176 days — a split parent should be closed, not left counting as open P1 work",SAME
1419,1650,project:igris-ai,0.2308,"FR-054 still sits open with status 'Split (see FR-061, FR-062, FR-063)' after 174 days — a split parent should be closed, not left counting as open work","FR-054 has status 'Split (see FR-061, FR-062, FR-063)' yet still counts as an open P1 brief — close it so the split children are the only live work",SAME
1427,1673,project:igris-ai,0.2308,"FR-054 is still counted as an open brief 174 days after being split into FR-061/062/063 — 'Split (see ...)' is not a terminal status, so the parent never closes","FR-054 has sat open in status 'Split (see FR-061, FR-062, FR-063)' for 187 days — a split parent should be closed once its children exist",SAME
1431,1804,project:fifty_eco_system,0.2308,fifty_eco_system has 34 open briefs but zero activity for 171 days — decide whether to archive the project or pick a single P1 to restart it,Five fifty_eco_system briefs sit in 'In Progress' with 190 days of zero project activity — 'In Progress' no longer means anyone is working on them,DIFFERENT
1433,1515,project:lifeos,0.2308,"lifeOS has 14 open briefs including a P0-Critical a11y regression (BR-023) idle 116 days, yet zero learnings and no recorded activity","BR-023 is lifeOS's only P0-Critical brief, has sat In Progress for 119 days, and — unlike fifty_eco_system's briefs — has no stalled suggestion queued for it",DIFFERENT
1435,1444,project:igris-ai,0.2308,"FR-054 still counts as open with status 'Split (see FR-061, FR-062, FR-063)' — a split parent should be closed, not left In Progress for 174 days","FR-054 sits in the non-canonical status 'Split (see FR-061, FR-062, FR-063)' and still counts as an open P1 — close it now that a status-vocabulary gate exists",SAME
1436,1562,project:fifty_eco_system,0.2308,BR-128 status is the unparsed string 'Done(Resolvedbydec8d1f)' yet it is still listed as an open brief — whitespace-stripped status is defeating the done-filter,BR-128 is recorded as Done (resolved by dec8d1f) yet still counts as an open brief in the digest — closed briefs are not leaving the open set,SAME
1442,1507,global,0.2308,The open-suggestion queue is 96% one project — 27 near-identical 'stalled 68 days' items plus 27 'Done but unchecked AC' items all from fifty_eco_system are drowning out every other signal,The suggestion queue is 69 items of which ~60 are mechanical stalled/gap alerts against one dormant project — raise the stalled-module threshold or scope it to active projects before it drowns real signal,SAME
1444,1616,project:igris-ai,0.2308,"FR-054 sits in the non-canonical status 'Split (see FR-061, FR-062, FR-063)' and still counts as an open P1 — close it now that a status-vocabulary gate exists","FR-054 is still listed as open with status 'Split (see FR-061, FR-062, FR-063)' — a split parent should be closed so it stops occupying the open-brief count",SAME
1448,1519,learning:1248,0.2308,'A check that reports success without having checked' is documented as a defect class in igris-ai but recurs unlinked in mbrgea-ai and moca-ai-agent — promote it to a global learning,"""A check that reports success without having checked"" is already named as a recurring class (1248) and has since recurred at least four more times — the verification-honesty rule is not being enforced anywhere",SAME
1452,1821,project:fifty_eco_system,0.2308,"fifty_eco_system has 34 open briefs and zero activity for 172 days — decide whether to archive the project or schedule a deliberate revival, rather than triaging 30 individual stall alerts","fifty_eco_system has 33 open briefs but only 7 learnings in 187 days — the project consumes brief-writing effort and returns almost no knowledge, which is the strongest single argument for archiving it outright",SAME
1456,1466,project:igris-ai,0.2308,FR-054 is still counted as an open brief although its status says it was split into FR-061/062/063 — close it so the open count stops double-counting,"FR-054 is still counted as an open P1 brief despite a status of 'Split (see FR-061, FR-062, FR-063)' — a split parent should be closed, not left open for 175 days",SAME
1456,1609,project:igris-ai,0.2308,FR-054 is still counted as an open brief although its status says it was split into FR-061/062/063 — close it so the open count stops double-counting,"FR-054 has status 'Split (see FR-061, FR-062, FR-063)' but still counts as an open P1 brief 181 days on — split parents should close, not linger",SAME
1466,1601,project:igris-ai,0.2308,"FR-054 is still counted as an open P1 brief despite a status of 'Split (see FR-061, FR-062, FR-063)' — a split parent should be closed, not left open for 175 days",FR-054 is still counted open although its status says it was split into FR-061/062/063 — close it so the open-brief count reflects real work,SAME
1498,1821,project:fifty_eco_system,0.2308,"fifty_eco_system holds 34 open briefs but has seen zero activity for 173 days — decide whether to archive the project or re-commit to it, rather than triaging 30 stalled briefs one at a time","fifty_eco_system has 33 open briefs but only 7 learnings in 187 days — the project consumes brief-writing effort and returns almost no knowledge, which is the strongest single argument for archiving it outright",SAME
1500,1650,project:igris-ai,0.2308,"FR-054 still sits open with status 'Split (see FR-061, FR-062, FR-063)' after 176 days — a split parent should be closed, not left counting as open P1 work","FR-054 has status 'Split (see FR-061, FR-062, FR-063)' yet still counts as an open P1 brief — close it so the split children are the only live work",SAME
1511,1706,project:lifeos,0.2308,"lifeOS filed 14 briefs on the same day 120 days ago, nine of them P1-High and one P0-Critical, and none has moved since — the priorities are not being used as a queue",lifeOS's 14 open briefs were all filed in one 132-day-old burst (BR-023..BR-036) and none has been touched since — this looks like a single QA sweep dumped as briefs and then abandoned,DIFFERENT
1525,1656,global,0.2308,The stalled/gap modules have queued 69 near-identical suggestions (30 stalled + 27 gap on fifty_eco_system alone) — add per-project caps or roll-ups before the review queue becomes unreadable,The suggestion queue is 69 items of which ~57 are mechanical stalled/gap rows from a single dormant project — add a per-project cap or dormancy filter to the stalled and gap modules before they drown real findings,SAME
1533,1668,project:attendance_app,0.2308,"Substantial shipped work (Microsoft SSO, i18n/Arabic, PDF reports, release signing) appears in recent commits but attendance_app has zero learnings and all four briefs sit 157 days stale","attendance_app has 4 open briefs and a large body of matching commits, but null recorded activity and zero learnings — brain tracking appears disconnected from the repo",SAME
1565,1804,project:fifty_eco_system,0.2308,fifty_eco_system has 34 open briefs but zero activity in 177 days — decide whether to archive the project or schedule a deliberate revival sprint,Five fifty_eco_system briefs sit in 'In Progress' with 190 days of zero project activity — 'In Progress' no longer means anyone is working on them,DIFFERENT
1568,1631,project:igris-ai,0.2308,"FR-054 still sits in open_briefs with status 'Split (see FR-061, FR-062, FR-063)' after 180 days — a split parent should be closed, not left counting against open work","FR-054 has been parked in a non-standard 'Split (see FR-061, FR-062, FR-063)' status for 183 days and should be closed out",SAME
1600,1649,project:lifeos,0.2308,"lifeOS BR-023 is P0-Critical and has sat In Progress for 123 days, with 13 more P1/P2 briefs behind it and no alert in the queue",lifeOS carries 14 open briefs — including a P0 a11y regression (BR-023) and eight P1 bugs — untouched for ~126 days with no learnings ever captured,DIFFERENT
1601,1609,project:igris-ai,0.2308,FR-054 is still counted open although its status says it was split into FR-061/062/063 — close it so the open-brief count reflects real work,"FR-054 has status 'Split (see FR-061, FR-062, FR-063)' but still counts as an open P1 brief 181 days on — split parents should close, not linger",SAME
1604,1804,project:fifty_eco_system,0.2308,fifty_eco_system has 34 open briefs but zero activity for 178 days — decide whether to archive the project or schedule a triage sweep,Five fifty_eco_system briefs sit in 'In Progress' with 190 days of zero project activity — 'In Progress' no longer means anyone is working on them,DIFFERENT
1608,1697,project:lifeos,0.2308,"lifeOS holds a P0-Critical accessibility regression plus 13 other open briefs, has zero learnings, and reports no recorded activity at all","BR-023, the only P0-Critical brief in the system, has been 'In Progress' for 130 days with no lifeOS activity recorded at all",DIFFERENT
1611,1821,project:fifty_eco_system,0.2308,"fifty_eco_system holds 34 open briefs but has had zero activity for 179 days — decide whether to archive the project or re-commit to it, rather than triaging its briefs one at a time","fifty_eco_system has 33 open briefs but only 7 learnings in 187 days — the project consumes brief-writing effort and returns almost no knowledge, which is the strongest single argument for archiving it outright",SAME
1628,1804,project:fifty_eco_system,0.2308,fifty_eco_system has 34 open briefs but zero activity for 180 days — decide whether to archive the project or schedule a revival sprint,Five fifty_eco_system briefs sit in 'In Progress' with 190 days of zero project activity — 'In Progress' no longer means anyone is working on them,DIFFERENT
1631,1658,project:igris-ai,0.2308,"FR-054 has been parked in a non-standard 'Split (see FR-061, FR-062, FR-063)' status for 183 days and should be closed out","FR-054 is still counted open with status 'Split (see FR-061, FR-062, FR-063)' — a split parent should be closed, and none of its three children appear in the digest",SAME
1648,1804,project:fifty_eco_system,0.2308,fifty_eco_system has 34 open briefs but zero activity for 180 days — decide whether to archive the project or schedule a deliberate revival,Five fifty_eco_system briefs sit in 'In Progress' with 190 days of zero project activity — 'In Progress' no longer means anyone is working on them,DIFFERENT
1656,1663,global,0.2308,The suggestion queue is 69 items of which ~57 are mechanical stalled/gap rows from a single dormant project — add a per-project cap or dormancy filter to the stalled and gap modules before they drown real findings,The stalled+gap modules emitted ~60 near-identical suggestions all for fifty_eco_system — add per-project rollup or a dormancy suppression rule so real signal isn't buried,SAME
1656,1671,global,0.2308,The suggestion queue is 69 items of which ~57 are mechanical stalled/gap rows from a single dormant project — add a per-project cap or dormancy filter to the stalled and gap modules before they drown real findings,"The stalled + gap modules have queued ~60 near-identical suggestions, 55 of them for one dormant project — add per-project rollup/caps so the review queue stays readable",SAME
1665,1681,project:lifeos,0.2308,lifeOS BR-023 is P0-Critical and has sat In Progress for 125 days with no stalled suggestion ever raised for it,"lifeOS has 14 open briefs including a P0-Critical a11y regression untouched for 129 days, zero captured learnings, and no recorded activity — it is running dark",DIFFERENT
1543,1558,project:igris-ai,0.2292,"Six recent learnings all describe the same partial-sweep defect — the 'correct one occurrence, miss its siblings' class is now the most frequent failure and warrants a standing check rather than another learning",A single defect class — a check or push that reports success without having checked — now spans at least five separate learnings across igris-ai and mbrgea-ai; it warrants a shared guard rather than another per-incident learning,DIFFERENT
1296,1498,project:fifty_eco_system,0.2286,fifty_eco_system's entire 34-brief backlog is uniformly 143–163 days stale with zero commits — decide bulk-archive vs. revival rather than triaging 30 stall alerts individually,"fifty_eco_system holds 34 open briefs but has seen zero activity for 173 days — decide whether to archive the project or re-commit to it, rather than triaging 30 stalled briefs one at a time",SAME
1296,1611,project:fifty_eco_system,0.2286,fifty_eco_system's entire 34-brief backlog is uniformly 143–163 days stale with zero commits — decide bulk-archive vs. revival rather than triaging 30 stall alerts individually,"fifty_eco_system holds 34 open briefs but has had zero activity for 179 days — decide whether to archive the project or re-commit to it, rather than triaging its briefs one at a time",SAME
1297,1579,global,0.2286,Learning capture is concentrated in igris-ai/mbrgea-ai while 8 active projects with open briefs have recorded zero learnings,"The four projects with the most open briefs outside igris-ai/mbrgea-ai (fifty-dev 61, lifeOS 14, hero-lab 18, attendance_app 4) have captured almost no learnings — knowledge is only being harvested where the operator already lives",SAME
1307,1511,project:lifeos,0.2286,lifeOS filed 13 bug briefs in one sweep (BR-024…BR-036) and none moved off Ready in 109 days — a whole QA pass was captured and then dropped,"lifeOS filed 14 briefs on the same day 120 days ago, nine of them P1-High and one P0-Critical, and none has moved since — the priorities are not being used as a queue",DIFFERENT
1307,1706,project:lifeos,0.2286,lifeOS filed 13 bug briefs in one sweep (BR-024…BR-036) and none moved off Ready in 109 days — a whole QA pass was captured and then dropped,lifeOS's 14 open briefs were all filed in one 132-day-old burst (BR-023..BR-036) and none has been touched since — this looks like a single QA sweep dumped as briefs and then abandoned,SAME
1313,1547,project:fifty_eco_system,0.2286,"34 open briefs in fifty_eco_system have all sat untouched for 167 days — the project looks abandoned, not backlogged; decide to archive or re-activate it wholesale","fifty_eco_system has 34 open briefs and 178-day-stale updates with zero repo activity in 174 days — decide whether to archive the project or restart it, rather than triaging briefs one at a time",SAME
1318,1664,project:fifty_eco_system,0.2286,"27 briefs are Done with unchecked acceptance criteria, but a commit gate now refuses exactly this — decide whether the historical backlog gets audited or grandfathered","27 briefs marked Done with unchecked acceptance criteria points at a broken completion gate, not 27 separate oversights — verify the AC parser isn't failing open here",SAME
1318,1680,project:fifty_eco_system,0.2286,"27 briefs are Done with unchecked acceptance criteria, but a commit gate now refuses exactly this — decide whether the historical backlog gets audited or grandfathered","27 fifty_eco_system briefs are Done with unchecked acceptance criteria — the same failure mode learning 1368 measured in mbrgea-ai (a fail-open AC parser), so check the parser before re-auditing the briefs",SAME
1318,1691,project:fifty_eco_system,0.2286,"27 briefs are Done with unchecked acceptance criteria, but a commit gate now refuses exactly this — decide whether the historical backlog gets audited or grandfathered","27 fifty_eco_system briefs are marked Done with unchecked acceptance criteria — the Done transition is not gated, matching the parser fail-open defect already learned in mbrgea-ai",SAME
1326,1442,global,0.2286,62 of 66 open suggestions are single-project fifty_eco_system stalled/gap notices — the queue is drowning higher-value findings and should be collapsed per-project,The open-suggestion queue is 96% one project — 27 near-identical 'stalled 68 days' items plus 27 'Done but unchecked AC' items all from fifty_eco_system are drowning out every other signal,SAME
1326,1536,global,0.2286,62 of 66 open suggestions are single-project fifty_eco_system stalled/gap notices — the queue is drowning higher-value findings and should be collapsed per-project,"The stalled+gap modules have flooded the review queue with 69 open suggestions, 96% of them for one dormant project — add per-project caps or roll-ups before the queue becomes unreadable",SAME
1326,1612,global,0.2286,62 of 66 open suggestions are single-project fifty_eco_system stalled/gap notices — the queue is drowning higher-value findings and should be collapsed per-project,The stalled/gap modules have queued ~60 near-identical suggestions for a single dormant project — add per-project rollup or a dormancy suppression rule before the review queue becomes unreadable,SAME
1343,1511,project:lifeos,0.2286,"lifeOS has a P0-Critical a11y regression (BR-023) stalled 110 days behind 13 other briefs, 7 of which are also P1-High — the priority field has stopped discriminating","lifeOS filed 14 briefs on the same day 120 days ago, nine of them P1-High and one P0-Critical, and none has moved since — the priorities are not being used as a queue",SAME
1399,1448,learning:1248,0.2286,"""A check that reports success without having checked"" now has at least four independent instances across three projects — it is a cross-project standard, not a per-project learning",'A check that reports success without having checked' is documented as a defect class in igris-ai but recurs unlinked in mbrgea-ai and moca-ai-agent — promote it to a global learning,SAME
1403,1525,global,0.2286,The suggestion queue is 60 items and ~93% of it is two mechanical modules firing per-brief on one dormant project — add per-project rollup/caps before the queue stops being read,The stalled/gap modules have queued 69 near-identical suggestions (30 stalled + 27 gap on fifty_eco_system alone) — add per-project caps or roll-ups before the review queue becomes unreadable,SAME
1410,1430,global,0.2286,Four active projects hold 21 open briefs between them but have never recorded a single learning — work is going in without knowledge coming out,"Four active projects with open briefs have recorded zero learnings — attendance_app (4 briefs), lifeOS (14), hadir-system (1), moca-hr-agent (1) — so nothing from that work is reaching the brain",SAME
1411,1661,global,0.2286,Hadir and Moca each exist under 3-4 separate project slugs with briefs split across them — likely fragmentation of one product's brain,Three near-identical hadir slugs and four moca slugs are tracked as separate projects — likely the same directory-to-project confusion the recent brain fixes were written for,SAME
1415,1492,global,0.2286,69 open suggestions are all from two mechanical modules (stalled/gap) and 62 concern one dormant project — the review queue is drowning its own signal,The stalled+gap modules emitted ~60 near-identical suggestions all pointing at fifty_eco_system — add per-project aggregation or a dormancy cutoff before the queue becomes unreadable,SAME
1415,1690,global,0.2286,69 open suggestions are all from two mechanical modules (stalled/gap) and 62 concern one dormant project — the review queue is drowning its own signal,The review queue is 98% single-project mechanical notices (34 'stalled' + 27 'Done with unchecked AC') — collapse them into two batch items so real findings are visible,SAME
1430,1578,global,0.2286,"Four active projects with open briefs have recorded zero learnings — attendance_app (4 briefs), lifeOS (14), hadir-system (1), moca-hr-agent (1) — so nothing from that work is reaching the brain","Four near-duplicate Hadir projects (hadir, hadir-system, fya-hadir-app, moca-hadir-app) each carry open briefs — likely one product split across four brain slices",DIFFERENT
1468,1520,project:fifty_eco_system,0.2286,"27 fifty_eco_system briefs were marked Done with unchecked acceptance criteria — treat this as one process defect in the close ritual, not 27 individual cleanups","27 briefs are marked Done with unchecked acceptance criteria, yet commit 03adca2 added a gate that refuses exactly that — the backlog predates the gate and will never be swept by it",SAME
1469,1816,project:attendance_app,0.2286,"attendance_app has 4 open P1 briefs and a visible commit stream (Microsoft SSO, rebrand, geolocation licensing) but zero learnings recorded — shipped work is not being harvested",attendance_app has three briefs stuck 'In Progress' for 170 days with zero learnings and no recorded activity — work was started and silently dropped mid-flight,DIFFERENT
1521,1660,project:lifeos,0.2286,lifeOS has 14 open briefs including a P0 and eight P1s but zero learnings recorded — the project is producing work and no knowledge,"Four active projects carry 19 open briefs between them and zero learnings — nothing from lifeOS, attendance_app, hadir-system or moca-hr-agent has ever been harvested into the brain",DIFFERENT
1577,1664,project:fifty_eco_system,0.2286,"27 queued 'Done but unchecked acceptance criteria' suggestions all land on one project — learning 1368 says the AC parser fails open on heading variants, so investigate the parser instead of the 27 briefs","27 briefs marked Done with unchecked acceptance criteria points at a broken completion gate, not 27 separate oversights — verify the AC parser isn't failing open here",SAME
1577,1691,project:fifty_eco_system,0.2286,"27 queued 'Done but unchecked acceptance criteria' suggestions all land on one project — learning 1368 says the AC parser fails open on heading variants, so investigate the parser instead of the 27 briefs","27 fifty_eco_system briefs are marked Done with unchecked acceptance criteria — the Done transition is not gated, matching the parser fail-open defect already learned in mbrgea-ai",SAME
1605,1679,global,0.2286,29 of the 33 queued 'stalled' suggestions are the same finding about one dormant project — the stalled module needs per-project aggregation before it buries higher-signal findings,"The stalled/gap modules emit one suggestion per brief — 69 queued items are ~3 findings, and the queue will drown any new signal until they are collapsed",SAME
1652,1664,project:fifty_eco_system,0.2286,"27 queued 'Done but unchecked acceptance criteria' suggestions are one process gap, not 27 findings — the AC gate (commit 03adca2) landed after these briefs closed","27 briefs marked Done with unchecked acceptance criteria points at a broken completion gate, not 27 separate oversights — verify the AC parser isn't failing open here",SAME
1652,1691,project:fifty_eco_system,0.2286,"27 queued 'Done but unchecked acceptance criteria' suggestions are one process gap, not 27 findings — the AC gate (commit 03adca2) landed after these briefs closed","27 fifty_eco_system briefs are marked Done with unchecked acceptance criteria — the Done transition is not gated, matching the parser fail-open defect already learned in mbrgea-ai",SAME
1668,1816,project:attendance_app,0.2286,"attendance_app has 4 open briefs and a large body of matching commits, but null recorded activity and zero learnings — brain tracking appears disconnected from the repo",attendance_app has three briefs stuck 'In Progress' for 170 days with zero learnings and no recorded activity — work was started and silently dropped mid-flight,DIFFERENT
1274,1308,project:igris-ai,0.2273,"FR-054's status is the free-text 'Split (see FR-061, FR-062, FR-063)' — a split brief has no terminal state, so it counts as open forever","FR-054 is still counted as open with status 'Split (see FR-061, FR-062, FR-063)' — a split parent should be closed, not left in the open queue",SAME
1274,1493,project:igris-ai,0.2273,"FR-054's status is the free-text 'Split (see FR-061, FR-062, FR-063)' — a split brief has no terminal state, so it counts as open forever","FR-054 is still counted as open despite status 'Split (see FR-061, FR-062, FR-063)' — close it so the successors are the only live records",SAME
1274,1693,project:igris-ai,0.2273,"FR-054's status is the free-text 'Split (see FR-061, FR-062, FR-063)' — a split brief has no terminal state, so it counts as open forever","igris-ai FR-054 is still listed open at status 'Split (see FR-061, FR-062, FR-063)' — a split parent should be closed, not left as a P1-High open brief",SAME
1304,1540,project:igris-ai,0.2273,"FR-054 sits in a non-canonical status 'Split (see FR-061, FR-062, FR-063)' that the new status vocabulary normalization does not cover","FR-054 is still counted open with status 'Split (see FR-061, FR-062, FR-063)' — a terminal state wearing a non-vocabulary status string",SAME
1323,1454,project:lifeos,0.2273,BR-023 is the only P0-Critical brief in the brain and has sat In Progress for 109 days with no stalled-suggestion coverage,BR-023 is a P0-Critical accessibility regression sitting In Progress for 117 days with no learnings ever recorded for lifeOS,SAME
1454,1629,project:lifeos,0.2273,BR-023 is a P0-Critical accessibility regression sitting In Progress for 117 days with no learnings ever recorded for lifeOS,BR-023 is the only P0-Critical brief in the brain and it has sat In Progress for 125 days with no stalled-suggestion raised,SAME
1529,1591,project:igris-ai,0.2273,"FR-054 is still counted as open with status 'Split (see FR-061, FR-062, FR-063)' — a terminal split state is being tracked as live work","FR-054 is marked 'Split (see FR-061, FR-062, FR-063)' but still counts as an open P1 brief after 181 days — split parents should be terminal, not open",SAME
1529,1693,project:igris-ai,0.2273,"FR-054 is still counted as open with status 'Split (see FR-061, FR-062, FR-063)' — a terminal split state is being tracked as live work","igris-ai FR-054 is still listed open at status 'Split (see FR-061, FR-062, FR-063)' — a split parent should be closed, not left as a P1-High open brief",SAME
1540,1591,project:igris-ai,0.2273,"FR-054 is still counted open with status 'Split (see FR-061, FR-062, FR-063)' — a terminal state wearing a non-vocabulary status string","FR-054 is marked 'Split (see FR-061, FR-062, FR-063)' but still counts as an open P1 brief after 181 days — split parents should be terminal, not open",SAME
1540,1669,project:igris-ai,0.2273,"FR-054 is still counted open with status 'Split (see FR-061, FR-062, FR-063)' — a terminal state wearing a non-vocabulary status string","FR-054 has been sitting in the non-terminal status 'Split (see FR-061, FR-062, FR-063)' for 183 days — close it or restore it to a real status",SAME
1540,1693,project:igris-ai,0.2273,"FR-054 is still counted open with status 'Split (see FR-061, FR-062, FR-063)' — a terminal state wearing a non-vocabulary status string","igris-ai FR-054 is still listed open at status 'Split (see FR-061, FR-062, FR-063)' — a split parent should be closed, not left as a P1-High open brief",SAME
1541,1632,project:fifty_eco_system,0.2273,BR-128 shows status 'Done(Resolvedbydec8d1f)' in the open-brief list — a resolved brief whose malformed status keeps it counted as open,BR-128 is listed among open briefs despite status 'Done(Resolvedbydec8d1f)' — the status parser is not recognising the resolution suffix,SAME
1270,1305,project:fifty_eco_system,0.2258,"fifty_eco_system (34 open briefs, 0 learnings) and fifty-eco-system (0 open briefs, 7 learnings) are the same project split across two slugs, so harvest and recall never meet","fifty_eco_system has 34 open briefs all frozen at 166/146 days and zero recorded learnings — decide whether the project is paused, or bulk-close it",DIFFERENT
1272,1414,project:fifty_eco_system,0.2258,All 34 fifty_eco_system briefs are 143-163 days untouched with no project activity — archive or park the project rather than letting it generate suggestions forever,fifty_eco_system holds 34 open briefs but has had zero activity for 171 days — decide whether to archive the project or schedule a real revival sprint,SAME
1272,1535,project:fifty_eco_system,0.2258,All 34 fifty_eco_system briefs are 143-163 days untouched with no project activity — archive or park the project rather than letting it generate suggestions forever,fifty_eco_system holds 34 open briefs but has had zero activity for 174 days — decide whether to archive the project or schedule a dedicated burn-down,SAME
1302,1606,project:fifty_eco_system,0.2258,"Commit 03adca2 now refuses closing commits on unticked criteria, but the 27 already-Done briefs flagged by the gap module were never reconciled",27 briefs closed as Done with unticked acceptance criteria predate the new closing-commit gate — confirm the gate is active for this project or backfill the criteria,SAME
1305,1594,project:fifty_eco_system,0.2258,"fifty_eco_system has 34 open briefs all frozen at 166/146 days and zero recorded learnings — decide whether the project is paused, or bulk-close it","fifty_eco_system is 'active' with 34 open briefs but 178 days without activity — and it accounts for 60 of the 63 queued suggestions, crowding out every other project",EXCLUDED
1312,1606,project:fifty_eco_system,0.2258,"27 briefs marked Done with unchecked acceptance criteria are all in one project — this is a workflow defect in how fifty_eco_system closes briefs, not 27 findings",27 briefs closed as Done with unticked acceptance criteria predate the new closing-commit gate — confirm the gate is active for this project or backfill the criteria,SAME
1313,1555,project:fifty_eco_system,0.2258,"34 open briefs in fifty_eco_system have all sat untouched for 167 days — the project looks abandoned, not backlogged; decide to archive or re-activate it wholesale",fifty_eco_system has 34 open briefs but zero activity in 177 days — decide whether to formally pause the project instead of leaving 30+ stall alerts accruing,SAME
1313,1696,project:fifty_eco_system,0.2258,"34 open briefs in fifty_eco_system have all sat untouched for 167 days — the project looks abandoned, not backlogged; decide to archive or re-activate it wholesale",fifty_eco_system holds 33 open briefs with zero activity for 185 days — the whole backlog is stale and needs a bulk triage or archive decision,SAME
1343,1681,project:lifeos,0.2258,"lifeOS has a P0-Critical a11y regression (BR-023) stalled 110 days behind 13 other briefs, 7 of which are also P1-High — the priority field has stopped discriminating","lifeOS has 14 open briefs including a P0-Critical a11y regression untouched for 129 days, zero captured learnings, and no recorded activity — it is running dark",DIFFERENT
1356,1452,project:fifty_eco_system,0.2258,fifty_eco_system holds 34 open briefs and 0 learnings with no recorded activity — decide archive-vs-revive as one call instead of 34,"fifty_eco_system has 34 open briefs and zero activity for 172 days — decide whether to archive the project or schedule a deliberate revival, rather than triaging 30 individual stall alerts",SAME
1394,1453,global,0.2258,"69 open suggestions, 56 of them mechanical stalled/gap rows for a single dormant project — the review queue needs per-project caps or grouping before any new signal can be seen",The suggestion queue is ~90% one project's stall/gap alerts — cap per-project suggestions or the reviewable signal is buried,SAME
1401,1568,project:igris-ai,0.2258,"igris-ai FR-054 has sat in status ""Split (see FR-061, FR-062, FR-063)"" for 173 days — a split parent should be closed, and none of its three children appear anywhere in the digest","FR-054 still sits in open_briefs with status 'Split (see FR-061, FR-062, FR-063)' after 180 days — a split parent should be closed, not left counting against open work",SAME
1404,1446,project:lifeos,0.2258,lifeOS BR-023 is the only P0-Critical brief in the brain and has sat In Progress for 116 days with no learnings ever captured for the project,lifeOS has 14 open briefs including a P0 accessibility regression but zero recorded learnings and no activity timestamp — the project is producing work the brain never captures,DIFFERENT
1404,1569,project:lifeos,0.2258,lifeOS BR-023 is the only P0-Critical brief in the brain and has sat In Progress for 116 days with no learnings ever captured for the project,"lifeOS has 14 open briefs — including a P0-Critical a11y regression (BR-023) — but zero learnings and no recorded activity, suggesting the project was filed and never worked",DIFFERENT
1432,1507,global,0.2258,Suggestion queue is 96% one project — cap per-project stalled/gap suggestions so real cross-project findings aren't buried,The suggestion queue is 69 items of which ~60 are mechanical stalled/gap alerts against one dormant project — raise the stalled-module threshold or scope it to active projects before it drowns real signal,SAME
1432,1536,global,0.2258,Suggestion queue is 96% one project — cap per-project stalled/gap suggestions so real cross-project findings aren't buried,"The stalled+gap modules have flooded the review queue with 69 open suggestions, 96% of them for one dormant project — add per-project caps or roll-ups before the queue becomes unreadable",SAME
1446,1649,project:lifeos,0.2258,lifeOS has 14 open briefs including a P0 accessibility regression but zero recorded learnings and no activity timestamp — the project is producing work the brain never captures,lifeOS carries 14 open briefs — including a P0 a11y regression (BR-023) and eight P1 bugs — untouched for ~126 days with no learnings ever captured,SAME
1453,1536,global,0.2258,The suggestion queue is ~90% one project's stall/gap alerts — cap per-project suggestions or the reviewable signal is buried,"The stalled+gap modules have flooded the review queue with 69 open suggestions, 96% of them for one dormant project — add per-project caps or roll-ups before the queue becomes unreadable",SAME
1460,1672,project:fifty_eco_system,0.2258,"27 briefs marked Done with unchecked acceptance criteria is a process failure, not 27 findings — the Done transition is not gated on criteria","27 fifty_eco_system briefs were marked Done with unticked acceptance criteria — the commit 03adca2 gate that refuses this landed after them, so a one-off backfill audit is needed",SAME
1465,1495,project:lifeos,0.2258,All 14 lifeOS briefs date to a single 117–118 day old QA sweep and the project reports no activity since — the sweep produced briefs but never produced work,lifeOS has 14 open briefs including a P0 accessibility regression but zero learnings and no recorded activity — the brain is capturing nothing from this project,DIFFERENT
1473,1495,project:lifeos,0.2258,lifeOS has 14 briefs untouched for ~119 days — including a P0-Critical a11y regression (BR-023) — yet no stall suggestion has ever been raised for the project,lifeOS has 14 open briefs including a P0 accessibility regression but zero learnings and no recorded activity — the brain is capturing nothing from this project,DIFFERENT
1485,1569,project:lifeos,0.2258,BR-023 is the only P0-Critical brief anywhere in the digest and it has sat In Progress for 118 days with no lifeOS activity recorded at all,"lifeOS has 14 open briefs — including a P0-Critical a11y regression (BR-023) — but zero learnings and no recorded activity, suggesting the project was filed and never worked",DIFFERENT
1502,1608,project:lifeos,0.2258,lifeOS BR-023 is the only P0-Critical brief anywhere in the digest and it has been In Progress for 118 days with 13 sibling P1 bugs behind it and zero recorded learnings for the project,"lifeOS holds a P0-Critical accessibility regression plus 13 other open briefs, has zero learnings, and reports no recorded activity at all",DIFFERENT
1502,1649,project:lifeos,0.2258,lifeOS BR-023 is the only P0-Critical brief anywhere in the digest and it has been In Progress for 118 days with 13 sibling P1 bugs behind it and zero recorded learnings for the project,lifeOS carries 14 open briefs — including a P0 a11y regression (BR-023) and eight P1 bugs — untouched for ~126 days with no learnings ever captured,DIFFERENT
1554,1568,project:igris-ai,0.2258,FR-054 is still listed as an open P1 brief 177 days after being split into FR-061/062/063 — a split parent left open inflates the backlog and none of its children appear in the digest,"FR-054 still sits in open_briefs with status 'Split (see FR-061, FR-062, FR-063)' after 180 days — a split parent should be closed, not left counting against open work",SAME
1555,1696,project:fifty_eco_system,0.2258,fifty_eco_system has 34 open briefs but zero activity in 177 days — decide whether to formally pause the project instead of leaving 30+ stall alerts accruing,fifty_eco_system holds 33 open briefs with zero activity for 185 days — the whole backlog is stale and needs a bulk triage or archive decision,SAME
1797,1812,project:fifty_eco_system,0.2258,"Three fifty_eco_system briefs sit 'In Progress' for 189 days (BR-074, BR-076, TD-004) — work was started and abandoned mid-flight, which is worse than a stale Ready backlog","Six fifty_eco_system items are parked 'In Progress' (BR-074, BR-076, TD-004, TD-006, TD-007, TS-003) — abandoned mid-flight work that will be silently lost in any bulk backlog triage",SAME
1318,1333,project:fifty_eco_system,0.2250,"27 briefs are Done with unchecked acceptance criteria, but a commit gate now refuses exactly this — decide whether the historical backlog gets audited or grandfathered",27 queued 'Done but unchecked acceptance criteria' suggestions are all pre-existing debt from before commit 03adca2 shipped the closing-commit gate — batch-reconcile them rather than triaging one by one,SAME
1458,1559,project:igris-ai,0.2250,Six-plus recent learnings all restate one defect class — partial claim sweeps and checks that report success without checking — and should be promoted into a coding_guidelines rule instead of accumulating as memory,Six learnings restate one rule — sweep a claim class occurrence-granular across all siblings before closing — and it is still being re-learned rather than enforced,EXCLUDED
1459,1550,project:mbrgea-ai,0.2250,"mbrgea-ai learning 1246 names partial claim sweeps as its most frequent defect — the same class igris-ai learned independently, so the rule should be lifted to a global standard","Partial-sweep corrections are this project's most frequent defect by its own accounting, and three later learnings repeat the same failure — the sweep discipline should be promoted into project guidelines rather than re-learned",SAME
1536,1548,global,0.2250,"The stalled+gap modules have flooded the review queue with 69 open suggestions, 96% of them for one dormant project — add per-project caps or roll-ups before the queue becomes unreadable",The suggestion queue is 60 items of which ~57 are mechanical per-brief 'stalled'/'gap' rows from two modules on one project — the stalled and gap modules need per-project aggregation before they drown real signal,SAME
1545,1598,project:mbrgea-ai,0.2250,BLOB-typed brief_files.content is dropped from every brain push while the push reports success — prior pushes may have silently lost brief attachments,"Two open learnings describe brain pushes that report success while dropping rows (BLOB brief_files.content, and watermarks advanced for unpushed tables) — the brain may be missing data no one has noticed",EXCLUDED
1668,1829,project:attendance_app,0.2250,"attendance_app has 4 open briefs and a large body of matching commits, but null recorded activity and zero learnings — brain tracking appears disconnected from the repo","attendance_app has three briefs stuck 'In Progress' for 171 days with zero learnings and null activity — in-progress state is being used as a parking status, which makes the WIP count meaningless system-wide",DIFFERENT
1670,1821,project:fifty_eco_system,0.2250,"fifty_eco_system holds 34 open briefs but has had zero activity for 184 days — decide whether to revive, descope, or archive the whole project rather than triaging 30 stalled briefs one by one","fifty_eco_system has 33 open briefs but only 7 learnings in 187 days — the project consumes brief-writing effort and returns almost no knowledge, which is the strongest single argument for archiving it outright",SAME
901,1466,project:igris-ai,0.2222,FR-054 was split into FR-061/062/063 127 days ago but the parent brief is still open — close/archive it to stop counting a superseded parent as active work.,"FR-054 is still counted as an open P1 brief despite a status of 'Split (see FR-061, FR-062, FR-063)' — a split parent should be closed, not left open for 175 days",SAME
901,1512,project:igris-ai,0.2222,FR-054 was split into FR-061/062/063 127 days ago but the parent brief is still open — close/archive it to stop counting a superseded parent as active work.,"FR-054 still counts as open with status 'Split (see FR-061, FR-062, FR-063)' — a split parent should be closed so it stops occupying the open-brief count",SAME
901,1616,project:igris-ai,0.2222,FR-054 was split into FR-061/062/063 127 days ago but the parent brief is still open — close/archive it to stop counting a superseded parent as active work.,"FR-054 is still listed as open with status 'Split (see FR-061, FR-062, FR-063)' — a split parent should be closed so it stops occupying the open-brief count",SAME
1272,1804,project:fifty_eco_system,0.2222,All 34 fifty_eco_system briefs are 143-163 days untouched with no project activity — archive or park the project rather than letting it generate suggestions forever,Five fifty_eco_system briefs sit in 'In Progress' with 190 days of zero project activity — 'In Progress' no longer means anyone is working on them,DIFFERENT
1275,1521,project:lifeos,0.2222,lifeOS BR-023 is the only P0-Critical brief in the brain and has sat In Progress for 105 days with no project activity recorded,lifeOS has 14 open briefs including a P0 and eight P1s but zero learnings recorded — the project is producing work and no knowledge,DIFFERENT
1275,1608,project:lifeos,0.2222,lifeOS BR-023 is the only P0-Critical brief in the brain and has sat In Progress for 105 days with no project activity recorded,"lifeOS holds a P0-Critical accessibility regression plus 13 other open briefs, has zero learnings, and reports no recorded activity at all",DIFFERENT
1295,1494,project:fifty_eco_system,0.2222,BR-128's status is the unparsed string 'Done(Resolvedbydec8d1f)' — a done brief is leaking into the open-briefs list via a status field that lost its whitespace,BR-128 status is the unparsed string 'Done(Resolvedbydec8d1f)' and it still appears in open_briefs — the status normalizer is not covering this form,SAME
1295,1576,project:fifty_eco_system,0.2222,BR-128's status is the unparsed string 'Done(Resolvedbydec8d1f)' — a done brief is leaking into the open-briefs list via a status field that lost its whitespace,BR-128's status is the malformed literal 'Done(Resolvedbydec8d1f)' — whitespace-stripped text in a status field means status parsing/writing is lossy somewhere,SAME
1296,1670,project:fifty_eco_system,0.2222,fifty_eco_system's entire 34-brief backlog is uniformly 143–163 days stale with zero commits — decide bulk-archive vs. revival rather than triaging 30 stall alerts individually,"fifty_eco_system holds 34 open briefs but has had zero activity for 184 days — decide whether to revive, descope, or archive the whole project rather than triaging 30 stalled briefs one by one",SAME
1309,1590,project:fifty_eco_system,0.2222,BR-128 status is the unparsed string 'Done(Resolvedbydec8d1f)' yet the brief still counts as open — status parsing is dropping whitespace and swallowing the Done state,BR-128 shows status 'Done(Resolvedbydec8d1f)' yet still appears in open_briefs — the status parser is not recognising Done when a resolution suffix is appended,SAME
1316,1406,project:igris-ai,0.2222,"FR-054 carries the non-vocabulary status 'Split (see FR-061, FR-062, FR-063)' and is still counted open — its children aren't in the digest to confirm the split landed","FR-054 has status 'Split (see FR-061, FR-062, FR-063)' yet still counts as an open P1 brief — split parents should close, or the successors are missing",SAME
1323,1473,project:lifeos,0.2222,BR-023 is the only P0-Critical brief in the brain and has sat In Progress for 109 days with no stalled-suggestion coverage,lifeOS has 14 briefs untouched for ~119 days — including a P0-Critical a11y regression (BR-023) — yet no stall suggestion has ever been raised for the project,DIFFERENT
1323,1595,project:lifeos,0.2222,BR-023 is the only P0-Critical brief in the brain and has sat In Progress for 109 days with no stalled-suggestion coverage,lifeOS has 14 open briefs untouched for ~124 days — including a P0-Critical a11y regression (BR-023) — yet zero of them appear in the stalled queue,DIFFERENT
1326,1453,global,0.2222,62 of 66 open suggestions are single-project fifty_eco_system stalled/gap notices — the queue is drowning higher-value findings and should be collapsed per-project,The suggestion queue is ~90% one project's stall/gap alerts — cap per-project suggestions or the reviewable signal is buried,SAME
1326,1548,global,0.2222,62 of 66 open suggestions are single-project fifty_eco_system stalled/gap notices — the queue is drowning higher-value findings and should be collapsed per-project,The suggestion queue is 60 items of which ~57 are mechanical per-brief 'stalled'/'gap' rows from two modules on one project — the stalled and gap modules need per-project aggregation before they drown real signal,SAME
1327,1463,project:fifty_eco_system,0.2222,"fifty_eco_system holds 34 open briefs (4 of them P1-High) frozen at 167/147 days with 0 learnings — it looks abandoned rather than paused, and no brief records that decision","fifty_eco_system holds 34 open briefs but has had zero activity for 172 days — decide whether to archive the project or re-commit to it, rather than triaging 30+ stalled-brief suggestions one by one",SAME
1327,1547,project:fifty_eco_system,0.2222,"fifty_eco_system holds 34 open briefs (4 of them P1-High) frozen at 167/147 days with 0 learnings — it looks abandoned rather than paused, and no brief records that decision","fifty_eco_system has 34 open briefs and 178-day-stale updates with zero repo activity in 174 days — decide whether to archive the project or restart it, rather than triaging briefs one at a time",SAME
1327,1619,project:fifty_eco_system,0.2222,"fifty_eco_system holds 34 open briefs (4 of them P1-High) frozen at 167/147 days with 0 learnings — it looks abandoned rather than paused, and no brief records that decision","fifty_eco_system holds 34 open briefs but has had zero activity for 179 days — decide whether to archive the project or re-scope it, rather than triaging 30 stalled-brief suggestions individually",SAME
1327,1678,project:fifty_eco_system,0.2222,"fifty_eco_system holds 34 open briefs (4 of them P1-High) frozen at 167/147 days with 0 learnings — it looks abandoned rather than paused, and no brief records that decision","fifty_eco_system holds 34 open briefs but has had zero activity for 184 days — decide whether to archive the project or re-commit to it, rather than triaging 30 stalled-brief suggestions one by one",SAME
1332,1538,project:lifeos,0.2222,"BR-023 is the only P0-Critical brief in the brain, In Progress and untouched for 109 days, yet no stalled suggestion has ever been raised for it",lifeOS BR-023 is P0-Critical and has sat In Progress for 119 days with 13 other open briefs behind it and zero captured learnings,SAME
1334,1364,project:igris-ai,0.2222,"FR-054 sits open with status 'Split (see FR-061, FR-062, FR-063)' — a resolved parent still counted as an open P1 brief because 'Split' is not a terminal status in the vocabulary",FR-054 still counts as open at P1-High while its status says it was split into FR-061/062/063 — the parent should be closed or the children linked,SAME
1334,1484,project:igris-ai,0.2222,"FR-054 sits open with status 'Split (see FR-061, FR-062, FR-063)' — a resolved parent still counted as an open P1 brief because 'Split' is not a terminal status in the vocabulary","FR-054 has status 'Split (see FR-061, FR-062, FR-063)' but is still open and P1 after 176 days — a split parent should be closed once its children exist",SAME
1343,1674,project:lifeos,0.2222,"lifeOS has a P0-Critical a11y regression (BR-023) stalled 110 days behind 13 other briefs, 7 of which are also P1-High — the priority field has stopped discriminating",lifeOS has 14 briefs including a P0-Critical accessibility regression (BR-023) untouched for 129 days and no recorded project activity,DIFFERENT
1343,1826,project:lifeos,0.2222,"lifeOS has a P0-Critical a11y regression (BR-023) stalled 110 days behind 13 other briefs, 7 of which are also P1-High — the priority field has stopped discriminating","lifeOS BR-023 (P0-Critical a11y regression) is the root cause of at least three other open lifeOS briefs (BR-030, BR-031, BR-035) — they are one accessibility-tree defect filed as four, and fixing BR-023 likely closes the rest",DIFFERENT
1345,1609,project:igris-ai,0.2222,"FR-054 is still open with status 'Split (see FR-061, FR-062, FR-063)' — a split parent left open counts against the backlog and none of the three children appear in the digest","FR-054 has status 'Split (see FR-061, FR-062, FR-063)' but still counts as an open P1 brief 181 days on — split parents should close, not linger",SAME
1345,1673,project:igris-ai,0.2222,"FR-054 is still open with status 'Split (see FR-061, FR-062, FR-063)' — a split parent left open counts against the backlog and none of the three children appear in the digest","FR-054 has sat open in status 'Split (see FR-061, FR-062, FR-063)' for 187 days — a split parent should be closed once its children exist",SAME
1356,1441,project:fifty_eco_system,0.2222,fifty_eco_system holds 34 open briefs and 0 learnings with no recorded activity — decide archive-vs-revive as one call instead of 34,fifty_eco_system has 34 open briefs but zero activity for 172 days — decide whether to archive the project or schedule a dedicated cleanup sprint,SAME
1356,1481,project:fifty_eco_system,0.2222,fifty_eco_system holds 34 open briefs and 0 learnings with no recorded activity — decide archive-vs-revive as one call instead of 34,fifty_eco_system has 34 open briefs but zero activity for 173 days — decide whether to archive the project or schedule a dedicated triage session,SAME
1356,1491,project:fifty_eco_system,0.2222,fifty_eco_system holds 34 open briefs and 0 learnings with no recorded activity — decide archive-vs-revive as one call instead of 34,fifty_eco_system has 34 open briefs but zero activity for 173 days — decide whether to archive the project or schedule a real burn-down,SAME
1356,1662,project:fifty_eco_system,0.2222,fifty_eco_system holds 34 open briefs and 0 learnings with no recorded activity — decide archive-vs-revive as one call instead of 34,fifty_eco_system has 34 open briefs but zero activity for 180 days — decide whether to archive the project or schedule a dedicated cleanup pass,SAME
1356,1686,project:fifty_eco_system,0.2222,fifty_eco_system holds 34 open briefs and 0 learnings with no recorded activity — decide archive-vs-revive as one call instead of 34,fifty_eco_system has 34 open briefs but zero activity for 185 days — decide whether to archive the project or schedule a deliberate revival sprint,SAME
1359,1569,project:lifeos,0.2222,All 14 lifeOS briefs were filed in one 112-day-old sweep and none has moved — an audit was run and its output never entered the work loop,"lifeOS has 14 open briefs — including a P0-Critical a11y regression (BR-023) — but zero learnings and no recorded activity, suggesting the project was filed and never worked",DIFFERENT
1384,1499,global,0.2222,66 of 69 queued suggestions are single-project fifty_eco_system stall/gap alerts — the review queue is saturated by one dormant project and will bury anything new,The suggestion queue is 69 items of which ~60 are single-project 'stalled'/'gap' rows — the stalled and gap modules need per-project aggregation or a dormancy suppression before they drown out anything else,SAME
1384,1507,global,0.2222,66 of 69 queued suggestions are single-project fifty_eco_system stall/gap alerts — the review queue is saturated by one dormant project and will bury anything new,The suggestion queue is 69 items of which ~60 are mechanical stalled/gap alerts against one dormant project — raise the stalled-module threshold or scope it to active projects before it drowns real signal,SAME
1384,1536,global,0.2222,66 of 69 queued suggestions are single-project fifty_eco_system stall/gap alerts — the review queue is saturated by one dormant project and will bury anything new,"The stalled+gap modules have flooded the review queue with 69 open suggestions, 96% of them for one dormant project — add per-project caps or roll-ups before the queue becomes unreadable",SAME
1393,1804,project:fifty_eco_system,0.2222,"fifty_eco_system has 34 open briefs (7 at P1-High) with 170 days of no activity — decide whether to archive the project or re-commit to it, rather than re-triaging briefs one by one",Five fifty_eco_system briefs sit in 'In Progress' with 190 days of zero project activity — 'In Progress' no longer means anyone is working on them,DIFFERENT
1396,1681,project:lifeos,0.2222,"lifeOS BR-023 is P0-Critical and In Progress with 115 days of no update, and no stalled suggestion has ever been raised for it","lifeOS has 14 open briefs including a P0-Critical a11y regression untouched for 129 days, zero captured learnings, and no recorded activity — it is running dark",DIFFERENT
1404,1433,project:lifeos,0.2222,lifeOS BR-023 is the only P0-Critical brief in the brain and has sat In Progress for 116 days with no learnings ever captured for the project,"lifeOS has 14 open briefs including a P0-Critical a11y regression (BR-023) idle 116 days, yet zero learnings and no recorded activity",DIFFERENT
1410,1698,global,0.2222,Four active projects hold 21 open briefs between them but have never recorded a single learning — work is going in without knowledge coming out,"Four projects with open briefs (lifeOS 14, attendance_app 4, hadir-system 1, moca-hr-agent 1) have zero learnings and null activity — work is being briefed but never executed or never harvested",SAME
1415,1525,global,0.2222,69 open suggestions are all from two mechanical modules (stalled/gap) and 62 concern one dormant project — the review queue is drowning its own signal,The stalled/gap modules have queued 69 near-identical suggestions (30 stalled + 27 gap on fifty_eco_system alone) — add per-project caps or roll-ups before the review queue becomes unreadable,SAME
1415,1663,global,0.2222,69 open suggestions are all from two mechanical modules (stalled/gap) and 62 concern one dormant project — the review queue is drowning its own signal,The stalled+gap modules emitted ~60 near-identical suggestions all for fifty_eco_system — add per-project rollup or a dormancy suppression rule so real signal isn't buried,SAME
1419,1444,project:igris-ai,0.2222,"FR-054 still sits open with status 'Split (see FR-061, FR-062, FR-063)' after 174 days — a split parent should be closed, not left counting as open work","FR-054 sits in the non-canonical status 'Split (see FR-061, FR-062, FR-063)' and still counts as an open P1 — close it now that a status-vocabulary gate exists",SAME
1436,1457,project:fifty_eco_system,0.2222,BR-128 status is the unparsed string 'Done(Resolvedbydec8d1f)' yet it is still listed as an open brief — whitespace-stripped status is defeating the done-filter,BR-128 is listed among open briefs while its status reads 'Done (Resolved by dec8d1f)' — the status string was never normalised to a closed state,SAME
1441,1804,project:fifty_eco_system,0.2222,fifty_eco_system has 34 open briefs but zero activity for 172 days — decide whether to archive the project or schedule a dedicated cleanup sprint,Five fifty_eco_system briefs sit in 'In Progress' with 190 days of zero project activity — 'In Progress' no longer means anyone is working on them,DIFFERENT
1443,1613,project:fifty_eco_system,0.2222,"27 fifty_eco_system briefs are marked Done with unchecked acceptance criteria — this is a closing-discipline failure, not 27 separate defects, and igris-ai already shipped a gate for it","27 briefs are Done with unchecked acceptance criteria while learning 1368 reports the AC-parser fails open on heading variants — the backlog may be a parser artifact, not 27 real gaps",SAME
1443,1652,project:fifty_eco_system,0.2222,"27 fifty_eco_system briefs are marked Done with unchecked acceptance criteria — this is a closing-discipline failure, not 27 separate defects, and igris-ai already shipped a gate for it","27 queued 'Done but unchecked acceptance criteria' suggestions are one process gap, not 27 findings — the AC gate (commit 03adca2) landed after these briefs closed",SAME
1444,1500,project:igris-ai,0.2222,"FR-054 sits in the non-canonical status 'Split (see FR-061, FR-062, FR-063)' and still counts as an open P1 — close it now that a status-vocabulary gate exists","FR-054 still sits open with status 'Split (see FR-061, FR-062, FR-063)' after 176 days — a split parent should be closed, not left counting as open P1 work",SAME
1445,1483,project:fifty_eco_system,0.2222,BR-128 is recorded as 'Done(Resolvedbydec8d1f)' yet still appears in the open-briefs list — a resolved brief leaking into open counts,"BR-128 is marked Done (resolved by dec8d1f) yet still appears in open_briefs — the closure did not propagate, which is exactly the failure learning 1316 describes",SAME
1454,1657,project:lifeos,0.2222,BR-023 is a P0-Critical accessibility regression sitting In Progress for 117 days with no learnings ever recorded for lifeOS,"BR-023 is lifeOS's only P0-Critical brief, In Progress and untouched for 125 days, and sits under 13 sibling briefs — the a11y role regression likely explains several of them",SAME
1455,1465,project:lifeos,0.2222,13 lifeOS briefs (BR-024…BR-036) were all filed the same day 118 days ago and none has moved — likely a one-off audit dump that was never scheduled into work,All 14 lifeOS briefs date to a single 117–118 day old QA sweep and the project reports no activity since — the sweep produced briefs but never produced work,SAME
1460,1606,project:fifty_eco_system,0.2222,"27 briefs marked Done with unchecked acceptance criteria is a process failure, not 27 findings — the Done transition is not gated on criteria",27 briefs closed as Done with unticked acceptance criteria predate the new closing-commit gate — confirm the gate is active for this project or backfill the criteria,SAME
1467,1541,project:fifty_eco_system,0.2222,BR-128 is marked 'Done (Resolved by dec8d1f)' yet still appears in the open-brief set — a status-parsing or close-sweep gap that inflates every open-brief count,BR-128 shows status 'Done(Resolvedbydec8d1f)' in the open-brief list — a resolved brief whose malformed status keeps it counted as open,SAME
1473,1687,project:lifeos,0.2222,lifeOS has 14 briefs untouched for ~119 days — including a P0-Critical a11y regression (BR-023) — yet no stall suggestion has ever been raised for the project,lifeOS BR-023 is the only P0-Critical brief in the brain and has sat In Progress for 130 days with no activity record,DIFFERENT
1481,1804,project:fifty_eco_system,0.2222,fifty_eco_system has 34 open briefs but zero activity for 173 days — decide whether to archive the project or schedule a dedicated triage session,Five fifty_eco_system briefs sit in 'In Progress' with 190 days of zero project activity — 'In Progress' no longer means anyone is working on them,DIFFERENT
1483,1494,project:fifty_eco_system,0.2222,"BR-128 is marked Done (resolved by dec8d1f) yet still appears in open_briefs — the closure did not propagate, which is exactly the failure learning 1316 describes",BR-128 status is the unparsed string 'Done(Resolvedbydec8d1f)' and it still appears in open_briefs — the status normalizer is not covering this form,SAME
1486,1578,global,0.2222,"Four active projects with open briefs (lifeOS 14, attendance_app 4, hadir-system 1, moca-hr-agent 1) have zero learnings and null activity — work there is not reaching the brain","Four near-duplicate Hadir projects (hadir, hadir-system, fya-hadir-app, moca-hadir-app) each carry open briefs — likely one product split across four brain slices",DIFFERENT
1491,1804,project:fifty_eco_system,0.2222,fifty_eco_system has 34 open briefs but zero activity for 173 days — decide whether to archive the project or schedule a real burn-down,Five fifty_eco_system briefs sit in 'In Progress' with 190 days of zero project activity — 'In Progress' no longer means anyone is working on them,DIFFERENT
1520,1680,project:fifty_eco_system,0.2222,"27 briefs are marked Done with unchecked acceptance criteria, yet commit 03adca2 added a gate that refuses exactly that — the backlog predates the gate and will never be swept by it","27 fifty_eco_system briefs are Done with unchecked acceptance criteria — the same failure mode learning 1368 measured in mbrgea-ai (a fail-open AC parser), so check the parser before re-auditing the briefs",SAME
1521,1528,project:lifeos,0.2222,lifeOS has 14 open briefs including a P0 and eight P1s but zero learnings recorded — the project is producing work and no knowledge,lifeOS BR-023 is the only P0-Critical brief in the digest and has sat In Progress for 119 days with no recorded project activity,DIFFERENT
1521,1574,project:lifeos,0.2222,lifeOS has 14 open briefs including a P0 and eight P1s but zero learnings recorded — the project is producing work and no knowledge,lifeOS BR-023 is the only P0-Critical brief in the brain and has sat In Progress for 123 days with no project activity recorded,DIFFERENT
1528,1608,project:lifeos,0.2222,lifeOS BR-023 is the only P0-Critical brief in the digest and has sat In Progress for 119 days with no recorded project activity,"lifeOS holds a P0-Critical accessibility regression plus 13 other open briefs, has zero learnings, and reports no recorded activity at all",DIFFERENT
1536,1605,global,0.2222,"The stalled+gap modules have flooded the review queue with 69 open suggestions, 96% of them for one dormant project — add per-project caps or roll-ups before the queue becomes unreadable",29 of the 33 queued 'stalled' suggestions are the same finding about one dormant project — the stalled module needs per-project aggregation before it buries higher-signal findings,SAME
1555,1821,project:fifty_eco_system,0.2222,fifty_eco_system has 34 open briefs but zero activity in 177 days — decide whether to formally pause the project instead of leaving 30+ stall alerts accruing,"fifty_eco_system has 33 open briefs but only 7 learnings in 187 days — the project consumes brief-writing effort and returns almost no knowledge, which is the strongest single argument for archiving it outright",SAME
1574,1608,project:lifeos,0.2222,lifeOS BR-023 is the only P0-Critical brief in the brain and has sat In Progress for 123 days with no project activity recorded,"lifeOS holds a P0-Critical accessibility regression plus 13 other open briefs, has zero learnings, and reports no recorded activity at all",DIFFERENT
1595,1629,project:lifeos,0.2222,lifeOS has 14 open briefs untouched for ~124 days — including a P0-Critical a11y regression (BR-023) — yet zero of them appear in the stalled queue,BR-023 is the only P0-Critical brief in the brain and it has sat In Progress for 125 days with no stalled-suggestion raised,DIFFERENT
1595,1687,project:lifeos,0.2222,lifeOS has 14 open briefs untouched for ~124 days — including a P0-Critical a11y regression (BR-023) — yet zero of them appear in the stalled queue,lifeOS BR-023 is the only P0-Critical brief in the brain and has sat In Progress for 130 days with no activity record,DIFFERENT
1595,1697,project:lifeos,0.2222,lifeOS has 14 open briefs untouched for ~124 days — including a P0-Critical a11y regression (BR-023) — yet zero of them appear in the stalled queue,"BR-023, the only P0-Critical brief in the system, has been 'In Progress' for 130 days with no lifeOS activity recorded at all",DIFFERENT
1602,1632,project:fifty_eco_system,0.2222,"BR-128 shows status 'Done(Resolvedbydec8d1f)' — whitespace-stripped and still listed as open, suggesting the status field is free text the open-brief filter cannot read",BR-128 is listed among open briefs despite status 'Done(Resolvedbydec8d1f)' — the status parser is not recognising the resolution suffix,SAME
1605,1612,global,0.2222,29 of the 33 queued 'stalled' suggestions are the same finding about one dormant project — the stalled module needs per-project aggregation before it buries higher-signal findings,The stalled/gap modules have queued ~60 near-identical suggestions for a single dormant project — add per-project rollup or a dormancy suppression rule before the review queue becomes unreadable,SAME
1609,1658,project:igris-ai,0.2222,"FR-054 has status 'Split (see FR-061, FR-062, FR-063)' but still counts as an open P1 brief 181 days on — split parents should close, not linger","FR-054 is still counted open with status 'Split (see FR-061, FR-062, FR-063)' — a split parent should be closed, and none of its three children appear in the digest",SAME
1613,1652,project:fifty_eco_system,0.2222,"27 briefs are Done with unchecked acceptance criteria while learning 1368 reports the AC-parser fails open on heading variants — the backlog may be a parser artifact, not 27 real gaps","27 queued 'Done but unchecked acceptance criteria' suggestions are one process gap, not 27 findings — the AC gate (commit 03adca2) landed after these briefs closed",SAME
1620,1663,global,0.2222,"The suggestion queue is 69 items and ~97% is two mechanical modules (stalled, gap) firing on one dormant project — add a per-project cap or dormancy filter before the queue becomes unreadable",The stalled+gap modules emitted ~60 near-identical suggestions all for fifty_eco_system — add per-project rollup or a dormancy suppression rule so real signal isn't buried,SAME
1622,1806,project:attendance_app,0.2222,"The Moca/Hadir attendance work is split across five project slugs (attendance_app, hadir, hadir-system, fya-hadir-app, moca-hadir-app) with overlapping rebrand and UI briefs — consolidate the slugs before more briefs fork",BR-003 'Polish Moca Rebrand to 100% Accuracy' is open in parallel with its unfinished parent BR-002 'Rebrand Attendance App to Moca Design' — a follow-up brief filed before the work it polishes exists,DIFFERENT
1626,1632,project:fifty_eco_system,0.2222,"BR-128 shows status 'Done(Resolvedbydec8d1f)' — a whitespace-stripped free-text status that a Done-state parser will not match, and it is still counted as an open brief",BR-128 is listed among open briefs despite status 'Done(Resolvedbydec8d1f)' — the status parser is not recognising the resolution suffix,SAME
1662,1804,project:fifty_eco_system,0.2222,fifty_eco_system has 34 open briefs but zero activity for 180 days — decide whether to archive the project or schedule a dedicated cleanup pass,Five fifty_eco_system briefs sit in 'In Progress' with 190 days of zero project activity — 'In Progress' no longer means anyone is working on them,DIFFERENT
1686,1804,project:fifty_eco_system,0.2222,fifty_eco_system has 34 open briefs but zero activity for 185 days — decide whether to archive the project or schedule a deliberate revival sprint,Five fifty_eco_system briefs sit in 'In Progress' with 190 days of zero project activity — 'In Progress' no longer means anyone is working on them,DIFFERENT
1688,1701,project:lifeos,0.2222,"14 lifeOS briefs (BR-023 to BR-036) all froze at 130-131 days — a whole QA sweep was filed and never worked, and the stalled detector never flagged it",Nine of lifeOS's fourteen open briefs are P1-High and all sit at 132 days — the priority field carries no ordering information,EXCLUDED
1800,1823,project:igris-ai,0.2222,"igris-ai carries 163 open briefs and 602 learnings — the largest backlog in the system by 2.6x, and large enough that the open set can no longer function as a work queue","igris-ai carries 166 open briefs while shipping daily — at the observed harvest rate the backlog is write-only, and the same containment/verification themes keep recurring as fresh learnings instead of closing briefs",SAME
1333,1520,project:fifty_eco_system,0.2195,27 queued 'Done but unchecked acceptance criteria' suggestions are all pre-existing debt from before commit 03adca2 shipped the closing-commit gate — batch-reconcile them rather than triaging one by one,"27 briefs are marked Done with unchecked acceptance criteria, yet commit 03adca2 added a gate that refuses exactly that — the backlog predates the gate and will never be swept by it",SAME
1382,1438,project:mbrgea-ai,0.2195,"mbrgea-ai's self-declared most frequent defect — correcting a claim at its source but not its siblings — has produced repeat rejections and is still only a learning, never a project standard",Partial-sweep corrections are mbrgea-ai's self-declared most frequent defect and igris-ai keeps re-learning the same lesson — promote one sweep rule into project guidelines instead of logging a sixth learning,SAME
1429,1448,learning:1248,0.2195,Nine recent learnings across three projects describe the same defect — a check or sweep that reports success without having checked — which is worth promoting into a cross-project standard rather than re-learning per project,'A check that reports success without having checked' is documented as a defect class in igris-ai but recurs unlinked in mbrgea-ai and moca-ai-agent — promote it to a global learning,SAME
1506,1821,project:fifty_eco_system,0.2195,"fifty_eco_system holds 34 open briefs but has had zero activity for 173 days — decide whether to archive the project or schedule a working block, rather than triaging 30 stall alerts one by one","fifty_eco_system has 33 open briefs but only 7 learnings in 187 days — the project consumes brief-writing effort and returns almost no knowledge, which is the strongest single argument for archiving it outright",SAME
1543,1653,project:igris-ai,0.2195,"Six recent learnings all describe the same partial-sweep defect — the 'correct one occurrence, miss its siblings' class is now the most frequent failure and warrants a standing check rather than another learning",Six recent 'mistake' learnings all describe the same failure — a claim written before it was measured — which now has an obligation (f578dd2) but no validator,DIFFERENT
1276,1430,global,0.2188,"Seven projects carry 100+ open briefs between them but zero learnings — fifty_eco_system (34), lifeOS (14), attendance_app (4) never ran /harvest","Four active projects with open briefs have recorded zero learnings — attendance_app (4 briefs), lifeOS (14), hadir-system (1), moca-hr-agent (1) — so nothing from that work is reaching the brain",SAME
1291,1379,project:lifeos,0.2188,lifeOS has 14 open briefs including a P0-Critical a11y regression but zero learnings and no recorded activity — work is being briefed but nothing is being harvested,"BR-023 is the only P0-Critical brief in the whole brain, In Progress and untouched for 112 days, with 13 more P1/P2 lifeOS briefs behind it and zero recorded learnings for the project",DIFFERENT
1292,1691,project:fifty_eco_system,0.2188,"27 'Done but unchecked acceptance criteria' suggestions all land on fifty_eco_system — treat as one process defect (bulk AC audit), not 27 individual reviews","27 fifty_eco_system briefs are marked Done with unchecked acceptance criteria — the Done transition is not gated, matching the parser fail-open defect already learned in mbrgea-ai",SAME
1297,1698,global,0.2188,Learning capture is concentrated in igris-ai/mbrgea-ai while 8 active projects with open briefs have recorded zero learnings,"Four projects with open briefs (lifeOS 14, attendance_app 4, hadir-system 1, moca-hr-agent 1) have zero learnings and null activity — work is being briefed but never executed or never harvested",SAME
1305,1377,project:fifty_eco_system,0.2188,"fifty_eco_system has 34 open briefs all frozen at 166/146 days and zero recorded learnings — decide whether the project is paused, or bulk-close it","Two project slugs exist for the same codebase — fifty_eco_system (34 open briefs, 0 learnings) and fifty-eco-system (0 briefs, 7 learnings); briefs and knowledge are split across them",DIFFERENT
1313,1594,project:fifty_eco_system,0.2188,"34 open briefs in fifty_eco_system have all sat untouched for 167 days — the project looks abandoned, not backlogged; decide to archive or re-activate it wholesale","fifty_eco_system is 'active' with 34 open briefs but 178 days without activity — and it accounts for 60 of the 63 queued suggestions, crowding out every other project",EXCLUDED
1321,1447,project:igris-ai,0.2188,"Partial-sweep mistakes keep recurring (learnings 1131, 1182, 1202, 1220) — the lesson is captured repeatedly but never promoted into a standing guideline",Six recent learnings restate one rule — 'a partial sweep of a claim class is the recurring defect' — and should be consolidated into a single canonical entry or promoted to a project doc,SAME
1339,1630,brief:br-001,0.2188,"Brief IDs collide across projects (BR-001 exists in hadir-system, attendance_app, and fifty_eco_system; BR-027/BR-028 in both hadir and lifeOS) — any tooling keyed on brief_id alone will cross-wire them","The stalled-brief detector only fires for fifty_eco_system and attendance_app, missing 14 lifeOS and 4 hadir/hadir-system briefs idle 118-167 days",DIFFERENT
1356,1619,project:fifty_eco_system,0.2188,fifty_eco_system holds 34 open briefs and 0 learnings with no recorded activity — decide archive-vs-revive as one call instead of 34,"fifty_eco_system holds 34 open briefs but has had zero activity for 179 days — decide whether to archive the project or re-scope it, rather than triaging 30 stalled-brief suggestions individually",SAME
1425,1473,project:lifeos,0.2188,BR-023 is the only P0-Critical brief in the digest and has sat In Progress for 116 days with no owner activity — lifeOS shows 14 open briefs and zero recorded learnings,lifeOS has 14 briefs untouched for ~119 days — including a P0-Critical a11y regression (BR-023) — yet no stall suggestion has ever been raised for the project,DIFFERENT
1446,1473,project:lifeos,0.2188,lifeOS has 14 open briefs including a P0 accessibility regression but zero recorded learnings and no activity timestamp — the project is producing work the brain never captures,lifeOS has 14 briefs untouched for ~119 days — including a P0-Critical a11y regression (BR-023) — yet no stall suggestion has ever been raised for the project,DIFFERENT
1468,1606,project:fifty_eco_system,0.2188,"27 fifty_eco_system briefs were marked Done with unchecked acceptance criteria — treat this as one process defect in the close ritual, not 27 individual cleanups",27 briefs closed as Done with unticked acceptance criteria predate the new closing-commit gate — confirm the gate is active for this project or backfill the criteria,SAME
1502,1595,project:lifeos,0.2188,lifeOS BR-023 is the only P0-Critical brief anywhere in the digest and it has been In Progress for 118 days with 13 sibling P1 bugs behind it and zero recorded learnings for the project,lifeOS has 14 open briefs untouched for ~124 days — including a P0-Critical a11y regression (BR-023) — yet zero of them appear in the stalled queue,DIFFERENT
1547,1804,project:fifty_eco_system,0.2188,"fifty_eco_system has 34 open briefs and 178-day-stale updates with zero repo activity in 174 days — decide whether to archive the project or restart it, rather than triaging briefs one at a time",Five fifty_eco_system briefs sit in 'In Progress' with 190 days of zero project activity — 'In Progress' no longer means anyone is working on them,DIFFERENT
1553,1697,project:lifeos,0.2188,"lifeOS carries 14 open briefs including a P0 accessibility regression and eight P1 bugs, but has zero learnings and no recorded activity — the project is accumulating defects with no knowledge capture at all","BR-023, the only P0-Critical brief in the system, has been 'In Progress' for 130 days with no lifeOS activity recorded at all",DIFFERENT
1557,1600,project:lifeos,0.2188,"lifeOS carries 14 open briefs including a P0 accessibility regression (BR-023) and 7 P1 bugs, all untouched for ~123 days, yet the project has produced zero learnings and no suggestion has ever been raised for it","lifeOS BR-023 is P0-Critical and has sat In Progress for 123 days, with 13 more P1/P2 briefs behind it and no alert in the queue",EXCLUDED
1557,1629,project:lifeos,0.2188,"lifeOS carries 14 open briefs including a P0 accessibility regression (BR-023) and 7 P1 bugs, all untouched for ~123 days, yet the project has produced zero learnings and no suggestion has ever been raised for it",BR-023 is the only P0-Critical brief in the brain and it has sat In Progress for 125 days with no stalled-suggestion raised,EXCLUDED
1557,1697,project:lifeos,0.2188,"lifeOS carries 14 open briefs including a P0 accessibility regression (BR-023) and 7 P1 bugs, all untouched for ~123 days, yet the project has produced zero learnings and no suggestion has ever been raised for it","BR-023, the only P0-Critical brief in the system, has been 'In Progress' for 130 days with no lifeOS activity recorded at all",EXCLUDED
1633,1672,project:fifty_eco_system,0.2188,"27 fifty_eco_system briefs were closed with unchecked acceptance criteria — treat as one process failure, not 27 separate reviews","27 fifty_eco_system briefs were marked Done with unticked acceptance criteria — the commit 03adca2 gate that refuses this landed after them, so a one-off backfill audit is needed",SAME
1696,1797,project:fifty_eco_system,0.2188,fifty_eco_system holds 33 open briefs with zero activity for 185 days — the whole backlog is stale and needs a bulk triage or archive decision,"Three fifty_eco_system briefs sit 'In Progress' for 189 days (BR-074, BR-076, TD-004) — work was started and abandoned mid-flight, which is worse than a stale Ready backlog",DIFFERENT
1797,1884,project:fifty_eco_system,0.2188,"Three fifty_eco_system briefs sit 'In Progress' for 189 days (BR-074, BR-076, TD-004) — work was started and abandoned mid-flight, which is worse than a stale Ready backlog","Three fifty_eco_system tech-debt briefs (TD-004, TD-006, TD-007) are 'In Progress' with 191 days of no activity — 'In Progress' has stopped meaning anything and should be reset to Ready or archived",SAME
1274,1435,project:igris-ai,0.2174,"FR-054's status is the free-text 'Split (see FR-061, FR-062, FR-063)' — a split brief has no terminal state, so it counts as open forever","FR-054 still counts as open with status 'Split (see FR-061, FR-062, FR-063)' — a split parent should be closed, not left In Progress for 174 days",SAME
1274,1466,project:igris-ai,0.2174,"FR-054's status is the free-text 'Split (see FR-061, FR-062, FR-063)' — a split brief has no terminal state, so it counts as open forever","FR-054 is still counted as an open P1 brief despite a status of 'Split (see FR-061, FR-062, FR-063)' — a split parent should be closed, not left open for 175 days",SAME
1274,1673,project:igris-ai,0.2174,"FR-054's status is the free-text 'Split (see FR-061, FR-062, FR-063)' — a split brief has no terminal state, so it counts as open forever","FR-054 has sat open in status 'Split (see FR-061, FR-062, FR-063)' for 187 days — a split parent should be closed once its children exist",SAME
1299,1674,project:lifeos,0.2174,"BR-023 is the only P0-Critical brief in the brain, has sat In Progress for 105 days, and no stalled suggestion covers it",lifeOS has 14 briefs including a P0-Critical accessibility regression (BR-023) untouched for 129 days and no recorded project activity,DIFFERENT
1304,1308,project:igris-ai,0.2174,"FR-054 sits in a non-canonical status 'Split (see FR-061, FR-062, FR-063)' that the new status vocabulary normalization does not cover","FR-054 is still counted as open with status 'Split (see FR-061, FR-062, FR-063)' — a split parent should be closed, not left in the open queue",SAME
1304,1669,project:igris-ai,0.2174,"FR-054 sits in a non-canonical status 'Split (see FR-061, FR-062, FR-063)' that the new status vocabulary normalization does not cover","FR-054 has been sitting in the non-terminal status 'Split (see FR-061, FR-062, FR-063)' for 183 days — close it or restore it to a real status",SAME
1308,1631,project:igris-ai,0.2174,"FR-054 is still counted as open with status 'Split (see FR-061, FR-062, FR-063)' — a split parent should be closed, not left in the open queue","FR-054 has been parked in a non-standard 'Split (see FR-061, FR-062, FR-063)' status for 183 days and should be closed out",SAME
1314,1454,project:lifeos,0.2174,BR-023 is the brain's only P0-Critical brief and has been In Progress for 109 days with no per-brief stall suggestion raised,BR-023 is a P0-Critical accessibility regression sitting In Progress for 117 days with no learnings ever recorded for lifeOS,SAME
1358,1649,project:lifeos,0.2174,"lifeOS BR-023 is the only P0-Critical brief in the system, In Progress and untouched for 111 days",lifeOS carries 14 open briefs — including a P0 a11y regression (BR-023) and eight P1 bugs — untouched for ~126 days with no learnings ever captured,DIFFERENT
1454,1464,project:lifeos,0.2174,BR-023 is a P0-Critical accessibility regression sitting In Progress for 117 days with no learnings ever recorded for lifeOS,BR-023 is the only P0-Critical brief in the whole system and has sat In Progress for 117 days with no stalled-suggestion coverage,SAME
1454,1515,project:lifeos,0.2174,BR-023 is a P0-Critical accessibility regression sitting In Progress for 117 days with no learnings ever recorded for lifeOS,"BR-023 is lifeOS's only P0-Critical brief, has sat In Progress for 119 days, and — unlike fifty_eco_system's briefs — has no stalled suggestion queued for it",SAME
1476,1543,project:igris-ai,0.2174,Six recent learnings restate the same root cause — a check or edit that reports success without verifying — and it is already named as a recurring class; promote it to an enforced gate rather than logging it again,"Six recent learnings all describe the same partial-sweep defect — the 'correct one occurrence, miss its siblings' class is now the most frequent failure and warrants a standing check rather than another learning",DIFFERENT
1493,1669,project:igris-ai,0.2174,"FR-054 is still counted as open despite status 'Split (see FR-061, FR-062, FR-063)' — close it so the successors are the only live records","FR-054 has been sitting in the non-terminal status 'Split (see FR-061, FR-062, FR-063)' for 183 days — close it or restore it to a real status",SAME
1493,1693,project:igris-ai,0.2174,"FR-054 is still counted as open despite status 'Split (see FR-061, FR-062, FR-063)' — close it so the successors are the only live records","igris-ai FR-054 is still listed open at status 'Split (see FR-061, FR-062, FR-063)' — a split parent should be closed, not left as a P1-High open brief",SAME
1529,1609,project:igris-ai,0.2174,"FR-054 is still counted as open with status 'Split (see FR-061, FR-062, FR-063)' — a terminal split state is being tracked as live work","FR-054 has status 'Split (see FR-061, FR-062, FR-063)' but still counts as an open P1 brief 181 days on — split parents should close, not linger",SAME
1540,1609,project:igris-ai,0.2174,"FR-054 is still counted open with status 'Split (see FR-061, FR-062, FR-063)' — a terminal state wearing a non-vocabulary status string","FR-054 has status 'Split (see FR-061, FR-062, FR-063)' but still counts as an open P1 brief 181 days on — split parents should close, not linger",SAME
1541,1576,project:fifty_eco_system,0.2174,BR-128 shows status 'Done(Resolvedbydec8d1f)' in the open-brief list — a resolved brief whose malformed status keeps it counted as open,BR-128's status is the malformed literal 'Done(Resolvedbydec8d1f)' — whitespace-stripped text in a status field means status parsing/writing is lossy somewhere,SAME
1575,1631,project:igris-ai,0.2174,"FR-054 is still counted as an open brief despite status 'Split (see FR-061, FR-062, FR-063)' — it should be closed so the split children carry the work","FR-054 has been parked in a non-standard 'Split (see FR-061, FR-062, FR-063)' status for 183 days and should be closed out",SAME
1631,1693,project:igris-ai,0.2174,"FR-054 has been parked in a non-standard 'Split (see FR-061, FR-062, FR-063)' status for 183 days and should be closed out","igris-ai FR-054 is still listed open at status 'Split (see FR-061, FR-062, FR-063)' — a split parent should be closed, not left as a P1-High open brief",SAME
1292,1333,project:fifty_eco_system,0.2162,"27 'Done but unchecked acceptance criteria' suggestions all land on fifty_eco_system — treat as one process defect (bulk AC audit), not 27 individual reviews",27 queued 'Done but unchecked acceptance criteria' suggestions are all pre-existing debt from before commit 03adca2 shipped the closing-commit gate — batch-reconcile them rather than triaging one by one,SAME
1302,1395,project:fifty_eco_system,0.2162,"Commit 03adca2 now refuses closing commits on unticked criteria, but the 27 already-Done briefs flagged by the gap module were never reconciled","27 fifty_eco_system briefs are Done with unchecked acceptance criteria — this looks like a per-project closing habit, and the gate that now refuses such commits landed only recently",SAME
1327,1514,project:fifty_eco_system,0.2162,"fifty_eco_system holds 34 open briefs (4 of them P1-High) frozen at 167/147 days with 0 learnings — it looks abandoned rather than paused, and no brief records that decision","fifty_eco_system holds 34 open briefs but has had zero activity for 174 days — decide whether to archive the project or resume it, rather than triaging 30 stalled-brief suggestions one at a time",SAME
1327,1655,project:fifty_eco_system,0.2162,"fifty_eco_system holds 34 open briefs (4 of them P1-High) frozen at 167/147 days with 0 learnings — it looks abandoned rather than paused, and no brief records that decision","fifty_eco_system holds 34 open briefs but has had zero activity for 180 days — decide whether to archive the project or re-scope it, rather than triaging 30 stalled-brief suggestions one at a time",SAME
1378,1604,project:fifty_eco_system,0.2162,"All 34 fifty_eco_system briefs share days_since_update 170 and the project has null activity — the backlog looks abandoned, not stalled; consider a bulk triage-or-archive pass rather than 30 more per-brief stall alerts",fifty_eco_system has 34 open briefs but zero activity for 178 days — decide whether to archive the project or schedule a triage sweep,SAME
1382,1459,project:mbrgea-ai,0.2162,"mbrgea-ai's self-declared most frequent defect — correcting a claim at its source but not its siblings — has produced repeat rejections and is still only a learning, never a project standard","mbrgea-ai learning 1246 names partial claim sweeps as its most frequent defect — the same class igris-ai learned independently, so the rule should be lifted to a global standard",SAME
1394,1403,global,0.2162,"69 open suggestions, 56 of them mechanical stalled/gap rows for a single dormant project — the review queue needs per-project caps or grouping before any new signal can be seen",The suggestion queue is 60 items and ~93% of it is two mechanical modules firing per-brief on one dormant project — add per-project rollup/caps before the queue stops being read,SAME
1394,1492,global,0.2162,"69 open suggestions, 56 of them mechanical stalled/gap rows for a single dormant project — the review queue needs per-project caps or grouping before any new signal can be seen",The stalled+gap modules emitted ~60 near-identical suggestions all pointing at fifty_eco_system — add per-project aggregation or a dormancy cutoff before the queue becomes unreadable,SAME
1394,1690,global,0.2162,"69 open suggestions, 56 of them mechanical stalled/gap rows for a single dormant project — the review queue needs per-project caps or grouping before any new signal can be seen",The review queue is 98% single-project mechanical notices (34 'stalled' + 27 'Done with unchecked AC') — collapse them into two batch items so real findings are visible,SAME
1428,1508,project:fifty_eco_system,0.2162,"27 'Done but unchecked acceptance criteria' suggestions all predate the commit that added the closing-gate — resolve them as one historical sweep, not 27 reviews","27 fifty_eco_system briefs are marked Done with unchecked acceptance criteria — this is one closing-ritual defect, not 27 briefs to reopen; fix the close step or backfill the checkboxes in a single pass",SAME
1442,1492,global,0.2162,The open-suggestion queue is 96% one project — 27 near-identical 'stalled 68 days' items plus 27 'Done but unchecked AC' items all from fifty_eco_system are drowning out every other signal,The stalled+gap modules emitted ~60 near-identical suggestions all pointing at fifty_eco_system — add per-project aggregation or a dormancy cutoff before the queue becomes unreadable,SAME
1442,1566,global,0.2162,The open-suggestion queue is 96% one project — 27 near-identical 'stalled 68 days' items plus 27 'Done but unchecked AC' items all from fifty_eco_system are drowning out every other signal,The stalled + gap detectors emitted 60+ near-identical suggestions from one dormant project — add per-project rollup/caps before the review queue becomes unreadable,SAME
1442,1690,global,0.2162,The open-suggestion queue is 96% one project — 27 near-identical 'stalled 68 days' items plus 27 'Done but unchecked AC' items all from fifty_eco_system are drowning out every other signal,The review queue is 98% single-project mechanical notices (34 'stalled' + 27 'Done with unchecked AC') — collapse them into two batch items so real findings are visible,SAME
1498,1537,project:fifty_eco_system,0.2162,"fifty_eco_system holds 34 open briefs but has seen zero activity for 173 days — decide whether to archive the project or re-commit to it, rather than triaging 30 stalled briefs one at a time",All 27 'Done with unchecked acceptance criteria' suggestions predate the closing-commit gate — verify the gate covers this project rather than triaging the 27 legacy briefs one by one,DIFFERENT
1499,1815,global,0.2162,The suggestion queue is 69 items of which ~60 are single-project 'stalled'/'gap' rows — the stalled and gap modules need per-project aggregation or a dormancy suppression before they drown out anything else,44 of the 60 open suggestions are auto-generated edge_inference rows (ids 1712-1755) — they drown the 16 substantive findings and should be batch-applied or routed out of the operator queue,DIFFERENT
1507,1566,global,0.2162,The suggestion queue is 69 items of which ~60 are mechanical stalled/gap alerts against one dormant project — raise the stalled-module threshold or scope it to active projects before it drowns real signal,The stalled + gap detectors emitted 60+ near-identical suggestions from one dormant project — add per-project rollup/caps before the review queue becomes unreadable,SAME
1507,1690,global,0.2162,The suggestion queue is 69 items of which ~60 are mechanical stalled/gap alerts against one dormant project — raise the stalled-module threshold or scope it to active projects before it drowns real signal,The review queue is 98% single-project mechanical notices (34 'stalled' + 27 'Done with unchecked AC') — collapse them into two batch items so real findings are visible,SAME
1530,1787,project:igris-ai,0.2162,"igris-ai carries 139 open briefs and 558 learnings — the largest backlog in the brain by 2.5x, with no stalled-detection coverage in the current queue",igris-ai carries 163 open briefs and 602 learnings but its only digest-visible briefs are three P3/P2 research items and one Deferred debt item — the tracked backlog does not describe what the repo is actually doing,SAME
1537,1611,project:fifty_eco_system,0.2162,All 27 'Done with unchecked acceptance criteria' suggestions predate the closing-commit gate — verify the gate covers this project rather than triaging the 27 legacy briefs one by one,"fifty_eco_system holds 34 open briefs but has had zero activity for 179 days — decide whether to archive the project or re-commit to it, rather than triaging its briefs one at a time",DIFFERENT
1557,1657,project:lifeos,0.2162,"lifeOS carries 14 open briefs including a P0 accessibility regression (BR-023) and 7 P1 bugs, all untouched for ~123 days, yet the project has produced zero learnings and no suggestion has ever been raised for it","BR-023 is lifeOS's only P0-Critical brief, In Progress and untouched for 125 days, and sits under 13 sibling briefs — the a11y role regression likely explains several of them",EXCLUDED
1664,1672,project:fifty_eco_system,0.2162,"27 briefs marked Done with unchecked acceptance criteria points at a broken completion gate, not 27 separate oversights — verify the AC parser isn't failing open here","27 fifty_eco_system briefs were marked Done with unticked acceptance criteria — the commit 03adca2 gate that refuses this landed after them, so a one-off backfill audit is needed",SAME
1671,1679,global,0.2162,"The stalled + gap modules have queued ~60 near-identical suggestions, 55 of them for one dormant project — add per-project rollup/caps so the review queue stays readable","The stalled/gap modules emit one suggestion per brief — 69 queued items are ~3 findings, and the queue will drown any new signal until they are collapsed",SAME
1672,1691,project:fifty_eco_system,0.2162,"27 fifty_eco_system briefs were marked Done with unticked acceptance criteria — the commit 03adca2 gate that refuses this landed after them, so a one-off backfill audit is needed","27 fifty_eco_system briefs are marked Done with unchecked acceptance criteria — the Done transition is not gated, matching the parser fail-open defect already learned in mbrgea-ai",SAME
1814,1823,project:igris-ai,0.2162,igris-ai carries 165 open briefs and 602 learnings — by far the largest backlog in the system and roughly 2.5x the next project — with no evidence of any closure or archive rhythm,"igris-ai carries 166 open briefs while shipping daily — at the observed harvest rate the backlog is write-only, and the same containment/verification themes keep recurring as fresh learnings instead of closing briefs",SAME
901,1334,project:igris-ai,0.2143,FR-054 was split into FR-061/062/063 127 days ago but the parent brief is still open — close/archive it to stop counting a superseded parent as active work.,"FR-054 sits open with status 'Split (see FR-061, FR-062, FR-063)' — a resolved parent still counted as an open P1 brief because 'Split' is not a terminal status in the vocabulary",SAME
901,1406,project:igris-ai,0.2143,FR-054 was split into FR-061/062/063 127 days ago but the parent brief is still open — close/archive it to stop counting a superseded parent as active work.,"FR-054 has status 'Split (see FR-061, FR-062, FR-063)' yet still counts as an open P1 brief — split parents should close, or the successors are missing",SAME
1275,1595,project:lifeos,0.2143,lifeOS BR-023 is the only P0-Critical brief in the brain and has sat In Progress for 105 days with no project activity recorded,lifeOS has 14 open briefs untouched for ~124 days — including a P0-Critical a11y regression (BR-023) — yet zero of them appear in the stalled queue,DIFFERENT
1308,1554,project:igris-ai,0.2143,"FR-054 is still counted as open with status 'Split (see FR-061, FR-062, FR-063)' — a split parent should be closed, not left in the open queue",FR-054 is still listed as an open P1 brief 177 days after being split into FR-061/062/063 — a split parent left open inflates the backlog and none of its children appear in the digest,SAME
1333,1672,project:fifty_eco_system,0.2143,27 queued 'Done but unchecked acceptance criteria' suggestions are all pre-existing debt from before commit 03adca2 shipped the closing-commit gate — batch-reconcile them rather than triaging one by one,"27 fifty_eco_system briefs were marked Done with unticked acceptance criteria — the commit 03adca2 gate that refuses this landed after them, so a one-off backfill audit is needed",SAME
1356,1555,project:fifty_eco_system,0.2143,fifty_eco_system holds 34 open briefs and 0 learnings with no recorded activity — decide archive-vs-revive as one call instead of 34,fifty_eco_system has 34 open briefs but zero activity in 177 days — decide whether to formally pause the project instead of leaving 30+ stall alerts accruing,SAME
1364,1444,project:igris-ai,0.2143,FR-054 still counts as open at P1-High while its status says it was split into FR-061/062/063 — the parent should be closed or the children linked,"FR-054 sits in the non-canonical status 'Split (see FR-061, FR-062, FR-063)' and still counts as an open P1 — close it now that a status-vocabulary gate exists",SAME
1365,1562,project:fifty_eco_system,0.2143,BR-128's status is the unspaced string 'Done(Resolvedbydec8d1f)' yet it appears in the open-briefs list — status parsing is dropping whitespace and not recognising Done,BR-128 is recorded as Done (resolved by dec8d1f) yet still counts as an open brief in the digest — closed briefs are not leaving the open set,SAME
1378,1611,project:fifty_eco_system,0.2143,"All 34 fifty_eco_system briefs share days_since_update 170 and the project has null activity — the backlog looks abandoned, not stalled; consider a bulk triage-or-archive pass rather than 30 more per-brief stall alerts","fifty_eco_system holds 34 open briefs but has had zero activity for 179 days — decide whether to archive the project or re-commit to it, rather than triaging its briefs one at a time",SAME
1380,1457,project:fifty_eco_system,0.2143,"BR-128 is recorded as ""Done(Resolvedbydec8d1f)"" yet still counts as an open brief — the status string is malformed and not matching the Done state",BR-128 is listed among open briefs while its status reads 'Done (Resolved by dec8d1f)' — the status string was never normalised to a closed state,SAME
1402,1804,project:fifty_eco_system,0.2143,fifty_eco_system holds 34 open briefs but has had zero activity for 171 days — decide whether to archive the project or schedule a deliberate restart,Five fifty_eco_system briefs sit in 'In Progress' with 190 days of zero project activity — 'In Progress' no longer means anyone is working on them,DIFFERENT
1404,1521,project:lifeos,0.2143,lifeOS BR-023 is the only P0-Critical brief in the brain and has sat In Progress for 116 days with no learnings ever captured for the project,lifeOS has 14 open briefs including a P0 and eight P1s but zero learnings recorded — the project is producing work and no knowledge,DIFFERENT
1406,1568,project:igris-ai,0.2143,"FR-054 has status 'Split (see FR-061, FR-062, FR-063)' yet still counts as an open P1 brief — split parents should close, or the successors are missing","FR-054 still sits in open_briefs with status 'Split (see FR-061, FR-062, FR-063)' after 180 days — a split parent should be closed, not left counting against open work",SAME
1409,1598,project:mbrgea-ai,0.2143,Learning 1291 reports brain pushes silently dropping BLOB-typed brief_files.content while reporting success — worth confirming no other project's briefs were lost the same way,"Two open learnings describe brain pushes that report success while dropping rows (BLOB brief_files.content, and watermarks advanced for unpushed tables) — the brain may be missing data no one has noticed",EXCLUDED
1420,1457,project:fifty_eco_system,0.2143,BR-128 is recorded as 'Done(Resolvedbydec8d1f)' yet still appears in the open-brief set — a malformed status string is keeping resolved work open,BR-128 is listed among open briefs while its status reads 'Done (Resolved by dec8d1f)' — the status string was never normalised to a closed state,SAME
1420,1483,project:fifty_eco_system,0.2143,BR-128 is recorded as 'Done(Resolvedbydec8d1f)' yet still appears in the open-brief set — a malformed status string is keeping resolved work open,"BR-128 is marked Done (resolved by dec8d1f) yet still appears in open_briefs — the closure did not propagate, which is exactly the failure learning 1316 describes",SAME
1427,1444,project:igris-ai,0.2143,"FR-054 is still counted as an open brief 174 days after being split into FR-061/062/063 — 'Split (see ...)' is not a terminal status, so the parent never closes","FR-054 sits in the non-canonical status 'Split (see FR-061, FR-062, FR-063)' and still counts as an open P1 — close it now that a status-vocabulary gate exists",SAME
1432,1605,global,0.2143,Suggestion queue is 96% one project — cap per-project stalled/gap suggestions so real cross-project findings aren't buried,29 of the 33 queued 'stalled' suggestions are the same finding about one dormant project — the stalled module needs per-project aggregation before it buries higher-signal findings,SAME
1444,1456,project:igris-ai,0.2143,"FR-054 sits in the non-canonical status 'Split (see FR-061, FR-062, FR-063)' and still counts as an open P1 — close it now that a status-vocabulary gate exists",FR-054 is still counted as an open brief although its status says it was split into FR-061/062/063 — close it so the open count stops double-counting,SAME
1444,1484,project:igris-ai,0.2143,"FR-054 sits in the non-canonical status 'Split (see FR-061, FR-062, FR-063)' and still counts as an open P1 — close it now that a status-vocabulary gate exists","FR-054 has status 'Split (see FR-061, FR-062, FR-063)' but is still open and P1 after 176 days — a split parent should be closed once its children exist",SAME
1444,1601,project:igris-ai,0.2143,"FR-054 sits in the non-canonical status 'Split (see FR-061, FR-062, FR-063)' and still counts as an open P1 — close it now that a status-vocabulary gate exists",FR-054 is still counted open although its status says it was split into FR-061/062/063 — close it so the open-brief count reflects real work,SAME
1445,1602,project:fifty_eco_system,0.2143,BR-128 is recorded as 'Done(Resolvedbydec8d1f)' yet still appears in the open-briefs list — a resolved brief leaking into open counts,"BR-128 shows status 'Done(Resolvedbydec8d1f)' — whitespace-stripped and still listed as open, suggesting the status field is free text the open-brief filter cannot read",SAME
1453,1605,global,0.2143,The suggestion queue is ~90% one project's stall/gap alerts — cap per-project suggestions or the reviewable signal is buried,29 of the 33 queued 'stalled' suggestions are the same finding about one dormant project — the stalled module needs per-project aggregation before it buries higher-signal findings,SAME
1464,1473,project:lifeos,0.2143,BR-023 is the only P0-Critical brief in the whole system and has sat In Progress for 117 days with no stalled-suggestion coverage,lifeOS has 14 briefs untouched for ~119 days — including a P0-Critical a11y regression (BR-023) — yet no stall suggestion has ever been raised for the project,DIFFERENT
1464,1595,project:lifeos,0.2143,BR-023 is the only P0-Critical brief in the whole system and has sat In Progress for 117 days with no stalled-suggestion coverage,lifeOS has 14 open briefs untouched for ~124 days — including a P0-Critical a11y regression (BR-023) — yet zero of them appear in the stalled queue,DIFFERENT
1473,1538,project:lifeos,0.2143,lifeOS has 14 briefs untouched for ~119 days — including a P0-Critical a11y regression (BR-023) — yet no stall suggestion has ever been raised for the project,lifeOS BR-023 is P0-Critical and has sat In Progress for 119 days with 13 other open briefs behind it and zero captured learnings,DIFFERENT
1479,1650,project:igris-ai,0.2143,"FR-054 has sat in a non-standard 'Split (see FR-061, FR-062, FR-063)' status for 175 days — none of its three children appear in the digest, so the split may be untracked","FR-054 has status 'Split (see FR-061, FR-062, FR-063)' yet still counts as an open P1 brief — close it so the split children are the only live work",SAME
1494,1602,project:fifty_eco_system,0.2143,BR-128 status is the unparsed string 'Done(Resolvedbydec8d1f)' and it still appears in open_briefs — the status normalizer is not covering this form,"BR-128 shows status 'Done(Resolvedbydec8d1f)' — whitespace-stripped and still listed as open, suggesting the status field is free text the open-brief filter cannot read",SAME
1494,1626,project:fifty_eco_system,0.2143,BR-128 status is the unparsed string 'Done(Resolvedbydec8d1f)' and it still appears in open_briefs — the status normalizer is not covering this form,"BR-128 shows status 'Done(Resolvedbydec8d1f)' — a whitespace-stripped free-text status that a Done-state parser will not match, and it is still counted as an open brief",SAME
1503,1558,project:igris-ai,0.2143,'A check that reports success without having checked' keeps recurring across projects — consider promoting learning 1248 into a project-context doc so it stops being re-learned,A single defect class — a check or push that reports success without having checked — now spans at least five separate learnings across igris-ai and mbrgea-ai; it warrants a shared guard rather than another per-incident learning,SAME
1528,1595,project:lifeos,0.2143,lifeOS BR-023 is the only P0-Critical brief in the digest and has sat In Progress for 119 days with no recorded project activity,lifeOS has 14 open briefs untouched for ~124 days — including a P0-Critical a11y regression (BR-023) — yet zero of them appear in the stalled queue,DIFFERENT
1554,1575,project:igris-ai,0.2143,FR-054 is still listed as an open P1 brief 177 days after being split into FR-061/062/063 — a split parent left open inflates the backlog and none of its children appear in the digest,"FR-054 is still counted as an open brief despite status 'Split (see FR-061, FR-062, FR-063)' — it should be closed so the split children carry the work",SAME
1554,1591,project:igris-ai,0.2143,FR-054 is still listed as an open P1 brief 177 days after being split into FR-061/062/063 — a split parent left open inflates the backlog and none of its children appear in the digest,"FR-054 is marked 'Split (see FR-061, FR-062, FR-063)' but still counts as an open P1 brief after 181 days — split parents should be terminal, not open",SAME
1555,1804,project:fifty_eco_system,0.2143,fifty_eco_system has 34 open briefs but zero activity in 177 days — decide whether to formally pause the project instead of leaving 30+ stall alerts accruing,Five fifty_eco_system briefs sit in 'In Progress' with 190 days of zero project activity — 'In Progress' no longer means anyone is working on them,DIFFERENT
1568,1650,project:igris-ai,0.2143,"FR-054 still sits in open_briefs with status 'Split (see FR-061, FR-062, FR-063)' after 180 days — a split parent should be closed, not left counting against open work","FR-054 has status 'Split (see FR-061, FR-062, FR-063)' yet still counts as an open P1 brief — close it so the split children are the only live work",SAME
1574,1595,project:lifeos,0.2143,lifeOS BR-023 is the only P0-Critical brief in the brain and has sat In Progress for 123 days with no project activity recorded,lifeOS has 14 open briefs untouched for ~124 days — including a P0-Critical a11y regression (BR-023) — yet zero of them appear in the stalled queue,DIFFERENT
1576,1626,project:fifty_eco_system,0.2143,BR-128's status is the malformed literal 'Done(Resolvedbydec8d1f)' — whitespace-stripped text in a status field means status parsing/writing is lossy somewhere,"BR-128 shows status 'Done(Resolvedbydec8d1f)' — a whitespace-stripped free-text status that a Done-state parser will not match, and it is still counted as an open brief",SAME
1608,1649,project:lifeos,0.2143,"lifeOS holds a P0-Critical accessibility regression plus 13 other open briefs, has zero learnings, and reports no recorded activity at all",lifeOS carries 14 open briefs — including a P0 a11y regression (BR-023) and eight P1 bugs — untouched for ~126 days with no learnings ever captured,SAME
1626,1651,project:fifty_eco_system,0.2143,"BR-128 shows status 'Done(Resolvedbydec8d1f)' — a whitespace-stripped free-text status that a Done-state parser will not match, and it is still counted as an open brief","BR-128's status is the unparseable literal 'Done(Resolvedbydec8d1f)' — a resolution note collapsed into the status field, so a Done brief is still listed as open",SAME
1649,1701,project:lifeos,0.2143,lifeOS carries 14 open briefs — including a P0 a11y regression (BR-023) and eight P1 bugs — untouched for ~126 days with no learnings ever captured,Nine of lifeOS's fourteen open briefs are P1-High and all sit at 132 days — the priority field carries no ordering information,DIFFERENT
1657,1665,project:lifeos,0.2143,"BR-023 is lifeOS's only P0-Critical brief, In Progress and untouched for 125 days, and sits under 13 sibling briefs — the a11y role regression likely explains several of them",lifeOS BR-023 is P0-Critical and has sat In Progress for 125 days with no stalled suggestion ever raised for it,SAME
1696,1804,project:fifty_eco_system,0.2143,fifty_eco_system holds 33 open briefs with zero activity for 185 days — the whole backlog is stale and needs a bulk triage or archive decision,Five fifty_eco_system briefs sit in 'In Progress' with 190 days of zero project activity — 'In Progress' no longer means anyone is working on them,DIFFERENT
1804,1884,project:fifty_eco_system,0.2143,Five fifty_eco_system briefs sit in 'In Progress' with 190 days of zero project activity — 'In Progress' no longer means anyone is working on them,"Three fifty_eco_system tech-debt briefs (TD-004, TD-006, TD-007) are 'In Progress' with 191 days of no activity — 'In Progress' has stopped meaning anything and should be reset to Ready or archived",SAME
1476,1558,project:igris-ai,0.2128,Six recent learnings restate the same root cause — a check or edit that reports success without verifying — and it is already named as a recurring class; promote it to an enforced gate rather than logging it again,A single defect class — a check or push that reports success without having checked — now spans at least five separate learnings across igris-ai and mbrgea-ai; it warrants a shared guard rather than another per-incident learning,SAME
1275,1557,project:lifeos,0.2121,lifeOS BR-023 is the only P0-Critical brief in the brain and has sat In Progress for 105 days with no project activity recorded,"lifeOS carries 14 open briefs including a P0 accessibility regression (BR-023) and 7 P1 bugs, all untouched for ~123 days, yet the project has produced zero learnings and no suggestion has ever been raised for it",EXCLUDED
1276,1486,global,0.2121,"Seven projects carry 100+ open briefs between them but zero learnings — fifty_eco_system (34), lifeOS (14), attendance_app (4) never ran /harvest","Four active projects with open briefs (lifeOS 14, attendance_app 4, hadir-system 1, moca-hr-agent 1) have zero learnings and null activity — work there is not reaching the brain",SAME
1291,1502,project:lifeos,0.2121,lifeOS has 14 open briefs including a P0-Critical a11y regression but zero learnings and no recorded activity — work is being briefed but nothing is being harvested,lifeOS BR-023 is the only P0-Critical brief anywhere in the digest and it has been In Progress for 118 days with 13 sibling P1 bugs behind it and zero recorded learnings for the project,DIFFERENT
1292,1537,project:fifty_eco_system,0.2121,"27 'Done but unchecked acceptance criteria' suggestions all land on fifty_eco_system — treat as one process defect (bulk AC audit), not 27 individual reviews",All 27 'Done with unchecked acceptance criteria' suggestions predate the closing-commit gate — verify the gate covers this project rather than triaging the 27 legacy briefs one by one,SAME
1305,1340,project:fifty_eco_system,0.2121,"fifty_eco_system has 34 open briefs all frozen at 166/146 days and zero recorded learnings — decide whether the project is paused, or bulk-close it","Two project slugs for the same codebase — 'fifty_eco_system' (34 open briefs, 0 learnings) and 'fifty-eco-system' (0 open briefs, 7 learnings) — briefs and knowledge are split across a hyphen/underscore variant",DIFFERENT
1312,1428,project:fifty_eco_system,0.2121,"27 briefs marked Done with unchecked acceptance criteria are all in one project — this is a workflow defect in how fifty_eco_system closes briefs, not 27 findings","27 'Done but unchecked acceptance criteria' suggestions all predate the commit that added the closing-gate — resolve them as one historical sweep, not 27 reviews",SAME
1326,1566,global,0.2121,62 of 66 open suggestions are single-project fifty_eco_system stalled/gap notices — the queue is drowning higher-value findings and should be collapsed per-project,The stalled + gap detectors emitted 60+ near-identical suggestions from one dormant project — add per-project rollup/caps before the review queue becomes unreadable,SAME
1343,1569,project:lifeos,0.2121,"lifeOS has a P0-Critical a11y regression (BR-023) stalled 110 days behind 13 other briefs, 7 of which are also P1-High — the priority field has stopped discriminating","lifeOS has 14 open briefs — including a P0-Critical a11y regression (BR-023) — but zero learnings and no recorded activity, suggesting the project was filed and never worked",DIFFERENT
1343,1657,project:lifeos,0.2121,"lifeOS has a P0-Critical a11y regression (BR-023) stalled 110 days behind 13 other briefs, 7 of which are also P1-High — the priority field has stopped discriminating","BR-023 is lifeOS's only P0-Critical brief, In Progress and untouched for 125 days, and sits under 13 sibling briefs — the a11y role regression likely explains several of them",DIFFERENT
1377,1599,project:fifty_eco_system,0.2121,"Two project slugs exist for the same codebase — fifty_eco_system (34 open briefs, 0 learnings) and fifty-eco-system (0 briefs, 7 learnings); briefs and knowledge are split across them",fifty_eco_system has 34 open briefs and no activity for 178 days — decide whether to revive or shelve the project instead of triaging 30 individual stall alerts,DIFFERENT
1384,1605,global,0.2121,66 of 69 queued suggestions are single-project fifty_eco_system stall/gap alerts — the review queue is saturated by one dormant project and will bury anything new,29 of the 33 queued 'stalled' suggestions are the same finding about one dormant project — the stalled module needs per-project aggregation before it buries higher-signal findings,SAME
1395,1460,project:fifty_eco_system,0.2121,"27 fifty_eco_system briefs are Done with unchecked acceptance criteria — this looks like a per-project closing habit, and the gate that now refuses such commits landed only recently","27 briefs marked Done with unchecked acceptance criteria is a process failure, not 27 findings — the Done transition is not gated on criteria",SAME
1440,1497,brief:br-027,0.2121,"Four hadir-family slugs (hadir, hadir-system, fya-hadir-app, moca-hadir-app) hold overlapping MOCA/Hadir UI briefs — confirm they are distinct repos or merge the brains","BR-001/BR-027/BR-028 recur across hadir, hadir-system, attendance_app and fifty_eco_system with overlapping Moca/Hadir UI scope — check whether these are the same work tracked in four projects",EXCLUDED
1453,1656,global,0.2121,The suggestion queue is ~90% one project's stall/gap alerts — cap per-project suggestions or the reviewable signal is buried,The suggestion queue is 69 items of which ~57 are mechanical stalled/gap rows from a single dormant project — add a per-project cap or dormancy filter to the stalled and gap modules before they drown real findings,SAME
1480,1589,brief:br-001,0.2121,"BR-001 through BR-004 exist concurrently in attendance_app, hadir-system and fifty_eco_system — verify brief ids are project-scoped everywhere the recent identity fixes touched",Brief IDs collide across projects (BR-001 open in hadir-system and attendance_app; BR-027/BR-028 in both hadir and lifeOS) — any cross-project reference or suggestion citing a bare id is ambiguous,SAME
1506,1804,project:fifty_eco_system,0.2121,"fifty_eco_system holds 34 open briefs but has had zero activity for 173 days — decide whether to archive the project or schedule a working block, rather than triaging 30 stall alerts one by one",Five fifty_eco_system briefs sit in 'In Progress' with 190 days of zero project activity — 'In Progress' no longer means anyone is working on them,DIFFERENT
1515,1557,project:lifeos,0.2121,"BR-023 is lifeOS's only P0-Critical brief, has sat In Progress for 119 days, and — unlike fifty_eco_system's briefs — has no stalled suggestion queued for it","lifeOS carries 14 open briefs including a P0 accessibility regression (BR-023) and 7 P1 bugs, all untouched for ~123 days, yet the project has produced zero learnings and no suggestion has ever been raised for it",EXCLUDED
1528,1557,project:lifeos,0.2121,lifeOS BR-023 is the only P0-Critical brief in the digest and has sat In Progress for 119 days with no recorded project activity,"lifeOS carries 14 open briefs including a P0 accessibility regression (BR-023) and 7 P1 bugs, all untouched for ~123 days, yet the project has produced zero learnings and no suggestion has ever been raised for it",EXCLUDED
1557,1574,project:lifeos,0.2121,"lifeOS carries 14 open briefs including a P0 accessibility regression (BR-023) and 7 P1 bugs, all untouched for ~123 days, yet the project has produced zero learnings and no suggestion has ever been raised for it",lifeOS BR-023 is the only P0-Critical brief in the brain and has sat In Progress for 123 days with no project activity recorded,EXCLUDED
1561,1633,project:fifty_eco_system,0.2121,"27 briefs are marked Done with unchecked acceptance criteria in one project, and a sibling learning shows the AC parser fails open — the gap suggestions may be a parser artifact, not 27 real gaps","27 fifty_eco_system briefs were closed with unchecked acceptance criteria — treat as one process failure, not 27 separate reviews",SAME
1606,1664,project:fifty_eco_system,0.2121,27 briefs closed as Done with unticked acceptance criteria predate the new closing-commit gate — confirm the gate is active for this project or backfill the criteria,"27 briefs marked Done with unchecked acceptance criteria points at a broken completion gate, not 27 separate oversights — verify the AC parser isn't failing open here",SAME
1305,1378,project:fifty_eco_system,0.2105,"fifty_eco_system has 34 open briefs all frozen at 166/146 days and zero recorded learnings — decide whether the project is paused, or bulk-close it","All 34 fifty_eco_system briefs share days_since_update 170 and the project has null activity — the backlog looks abandoned, not stalled; consider a bulk triage-or-archive pass rather than 30 more per-brief stall alerts",SAME
1341,1561,project:fifty_eco_system,0.2105,58 of 61 open suggestions are mechanical 'stalled'/'gap' rows for one project — the review queue is saturated and will bury any genuinely novel finding,"27 briefs are marked Done with unchecked acceptance criteria in one project, and a sibling learning shows the AC parser fails open — the gap suggestions may be a parser artifact, not 27 real gaps",DIFFERENT
1378,1481,project:fifty_eco_system,0.2105,"All 34 fifty_eco_system briefs share days_since_update 170 and the project has null activity — the backlog looks abandoned, not stalled; consider a bulk triage-or-archive pass rather than 30 more per-brief stall alerts",fifty_eco_system has 34 open briefs but zero activity for 173 days — decide whether to archive the project or schedule a dedicated triage session,SAME
1378,1662,project:fifty_eco_system,0.2105,"All 34 fifty_eco_system briefs share days_since_update 170 and the project has null activity — the backlog looks abandoned, not stalled; consider a bulk triage-or-archive pass rather than 30 more per-brief stall alerts",fifty_eco_system has 34 open briefs but zero activity for 180 days — decide whether to archive the project or schedule a dedicated cleanup pass,SAME
1384,1656,global,0.2105,66 of 69 queued suggestions are single-project fifty_eco_system stall/gap alerts — the review queue is saturated by one dormant project and will bury anything new,The suggestion queue is 69 items of which ~57 are mechanical stalled/gap rows from a single dormant project — add a per-project cap or dormancy filter to the stalled and gap modules before they drown real findings,SAME
1394,1663,global,0.2105,"69 open suggestions, 56 of them mechanical stalled/gap rows for a single dormant project — the review queue needs per-project caps or grouping before any new signal can be seen",The stalled+gap modules emitted ~60 near-identical suggestions all for fifty_eco_system — add per-project rollup or a dormancy suppression rule so real signal isn't buried,SAME
1405,1455,project:lifeos,0.2105,"lifeOS accumulated 14 briefs (7 of them P1-High) in a single 117-day-old QA sweep and none has moved since — the sweep produced a backlog, not a fix cycle",13 lifeOS briefs (BR-024…BR-036) were all filed the same day 118 days ago and none has moved — likely a one-off audit dump that was never scheduled into work,SAME
1415,1499,global,0.2105,69 open suggestions are all from two mechanical modules (stalled/gap) and 62 concern one dormant project — the review queue is drowning its own signal,The suggestion queue is 69 items of which ~60 are single-project 'stalled'/'gap' rows — the stalled and gap modules need per-project aggregation or a dormancy suppression before they drown out anything else,SAME
1428,1561,project:fifty_eco_system,0.2105,"27 'Done but unchecked acceptance criteria' suggestions all predate the commit that added the closing-gate — resolve them as one historical sweep, not 27 reviews","27 briefs are marked Done with unchecked acceptance criteria in one project, and a sibling learning shows the AC parser fails open — the gap suggestions may be a parser artifact, not 27 real gaps",SAME
1442,1663,global,0.2105,The open-suggestion queue is 96% one project — 27 near-identical 'stalled 68 days' items plus 27 'Done but unchecked AC' items all from fifty_eco_system are drowning out every other signal,The stalled+gap modules emitted ~60 near-identical suggestions all for fifty_eco_system — add per-project rollup or a dormancy suppression rule so real signal isn't buried,SAME
1482,1499,global,0.2105,"The stalled+gap modules emitted 60+ near-identical suggestions, 55 of them for one dormant project — add per-project rollup/caps before the queue stops being readable",The suggestion queue is 69 items of which ~60 are single-project 'stalled'/'gap' rows — the stalled and gap modules need per-project aggregation or a dormancy suppression before they drown out anything else,SAME
1482,1507,global,0.2105,"The stalled+gap modules emitted 60+ near-identical suggestions, 55 of them for one dormant project — add per-project rollup/caps before the queue stops being readable",The suggestion queue is 69 items of which ~60 are mechanical stalled/gap alerts against one dormant project — raise the stalled-module threshold or scope it to active projects before it drowns real signal,SAME
1486,1516,global,0.2105,"Four active projects with open briefs (lifeOS 14, attendance_app 4, hadir-system 1, moca-hr-agent 1) have zero learnings and null activity — work there is not reaching the brain","The stalled and gap suggestion modules have produced 60 queued items covering only 2 projects — lifeOS (14 open briefs, 120 days cold) and hadir (2 briefs, 133+ days) are invisible to them",DIFFERENT
1486,1572,global,0.2105,"Four active projects with open briefs (lifeOS 14, attendance_app 4, hadir-system 1, moca-hr-agent 1) have zero learnings and null activity — work there is not reaching the brain",All 40 recent commits belong to the MOCA/HR agent line while 8 projects holding 190+ open briefs show no recent activity — the open-brief backlog no longer reflects where work happens,DIFFERENT
1499,1516,global,0.2105,The suggestion queue is 69 items of which ~60 are single-project 'stalled'/'gap' rows — the stalled and gap modules need per-project aggregation or a dormancy suppression before they drown out anything else,"The stalled and gap suggestion modules have produced 60 queued items covering only 2 projects — lifeOS (14 open briefs, 120 days cold) and hadir (2 briefs, 133+ days) are invisible to them",DIFFERENT
1499,1525,global,0.2105,The suggestion queue is 69 items of which ~60 are single-project 'stalled'/'gap' rows — the stalled and gap modules need per-project aggregation or a dormancy suppression before they drown out anything else,The stalled/gap modules have queued 69 near-identical suggestions (30 stalled + 27 gap on fifty_eco_system alone) — add per-project caps or roll-ups before the review queue becomes unreadable,SAME
1499,1663,global,0.2105,The suggestion queue is 69 items of which ~60 are single-project 'stalled'/'gap' rows — the stalled and gap modules need per-project aggregation or a dormancy suppression before they drown out anything else,The stalled+gap modules emitted ~60 near-identical suggestions all for fifty_eco_system — add per-project rollup or a dormancy suppression rule so real signal isn't buried,SAME
1533,1789,project:attendance_app,0.2105,"Substantial shipped work (Microsoft SSO, i18n/Arabic, PDF reports, release signing) appears in recent commits but attendance_app has zero learnings and all four briefs sit 157 days stale","attendance_app has three briefs stuck 'In Progress' for 169 days (BR-002, BR-003, BR-004) with zero recorded activity and zero learnings — In Progress is being used as a filing state, not a work state",DIFFERENT
1537,1547,project:fifty_eco_system,0.2105,All 27 'Done with unchecked acceptance criteria' suggestions predate the closing-commit gate — verify the gate covers this project rather than triaging the 27 legacy briefs one by one,"fifty_eco_system has 34 open briefs and 178-day-stale updates with zero repo activity in 174 days — decide whether to archive the project or restart it, rather than triaging briefs one at a time",DIFFERENT
1592,1607,project:igris-ai,0.2105,Learning 1368 says the TD-325 acceptance-criteria parser matches only the literal 'Acceptance Criteria' and fails open — that is likely the same root cause behind the 27 queued 'Done but unchecked AC' gap suggestions,The acceptance-criteria parser fail-open found in mbrgea-ai (L1368) likely affects the same shared brain code that igris-ai's new closing-commit gate depends on,SAME
1605,1656,global,0.2105,29 of the 33 queued 'stalled' suggestions are the same finding about one dormant project — the stalled module needs per-project aggregation before it buries higher-signal findings,The suggestion queue is 69 items of which ~57 are mechanical stalled/gap rows from a single dormant project — add a per-project cap or dormancy filter to the stalled and gap modules before they drown real findings,SAME
1657,1826,project:lifeos,0.2105,"BR-023 is lifeOS's only P0-Critical brief, In Progress and untouched for 125 days, and sits under 13 sibling briefs — the a11y role regression likely explains several of them","lifeOS BR-023 (P0-Critical a11y regression) is the root cause of at least three other open lifeOS briefs (BR-030, BR-031, BR-035) — they are one accessibility-tree defect filed as four, and fixing BR-023 likely closes the rest",DIFFERENT
1880,1888,project:igris-ai,0.2093,"The digest's own edge_inference module emitted 44 of 60 open suggestions as one-line 'inferred edge' rows over learnings 6–1447, drowning the 17 substantive findings — the subconscious queue needs the same dedup/batching treatment commit 6d077a1 applied to findings",44 of 60 open suggestions are low-value edge_inference rows — they crowd out substantive findings in the review queue and should be batched or auto-applied rather than queued individually,SAME
1294,1650,project:igris-ai,0.2083,"FR-054 has sat in status 'Split (see FR-061, FR-062, FR-063)' for 163 days — a split parent should be closed, not left open as a P1","FR-054 has status 'Split (see FR-061, FR-062, FR-063)' yet still counts as an open P1 brief — close it so the split children are the only live work",SAME
1304,1517,project:igris-ai,0.2083,"FR-054 sits in a non-canonical status 'Split (see FR-061, FR-062, FR-063)' that the new status vocabulary normalization does not cover","FR-054 still counts as open with status 'Split (see FR-061, FR-062, FR-063)' — a split parent should be closed, not left occupying the P1 open list",SAME
1306,1433,project:lifeos,0.2083,BR-023 is the only P0-Critical brief in the brain and has sat In Progress for 108 days with no activity,"lifeOS has 14 open briefs including a P0-Critical a11y regression (BR-023) idle 116 days, yet zero learnings and no recorded activity",DIFFERENT
1323,1674,project:lifeos,0.2083,BR-023 is the only P0-Critical brief in the brain and has sat In Progress for 109 days with no stalled-suggestion coverage,lifeOS has 14 briefs including a P0-Critical accessibility regression (BR-023) untouched for 129 days and no recorded project activity,DIFFERENT
1332,1454,project:lifeos,0.2083,"BR-023 is the only P0-Critical brief in the brain, In Progress and untouched for 109 days, yet no stalled suggestion has ever been raised for it",BR-023 is a P0-Critical accessibility regression sitting In Progress for 117 days with no learnings ever recorded for lifeOS,SAME
1406,1529,project:igris-ai,0.2083,"FR-054 has status 'Split (see FR-061, FR-062, FR-063)' yet still counts as an open P1 brief — split parents should close, or the successors are missing","FR-054 is still counted as open with status 'Split (see FR-061, FR-062, FR-063)' — a terminal split state is being tracked as live work",SAME
1406,1540,project:igris-ai,0.2083,"FR-054 has status 'Split (see FR-061, FR-062, FR-063)' yet still counts as an open P1 brief — split parents should close, or the successors are missing","FR-054 is still counted open with status 'Split (see FR-061, FR-062, FR-063)' — a terminal state wearing a non-vocabulary status string",SAME
1433,1665,project:lifeos,0.2083,"lifeOS has 14 open briefs including a P0-Critical a11y regression (BR-023) idle 116 days, yet zero learnings and no recorded activity",lifeOS BR-023 is P0-Critical and has sat In Progress for 125 days with no stalled suggestion ever raised for it,DIFFERENT
1435,1493,project:igris-ai,0.2083,"FR-054 still counts as open with status 'Split (see FR-061, FR-062, FR-063)' — a split parent should be closed, not left In Progress for 174 days","FR-054 is still counted as open despite status 'Split (see FR-061, FR-062, FR-063)' — close it so the successors are the only live records",SAME
1435,1669,project:igris-ai,0.2083,"FR-054 still counts as open with status 'Split (see FR-061, FR-062, FR-063)' — a split parent should be closed, not left In Progress for 174 days","FR-054 has been sitting in the non-terminal status 'Split (see FR-061, FR-062, FR-063)' for 183 days — close it or restore it to a real status",SAME
1445,1632,project:fifty_eco_system,0.2083,BR-128 is recorded as 'Done(Resolvedbydec8d1f)' yet still appears in the open-briefs list — a resolved brief leaking into open counts,BR-128 is listed among open briefs despite status 'Done(Resolvedbydec8d1f)' — the status parser is not recognising the resolution suffix,SAME
1466,1669,project:igris-ai,0.2083,"FR-054 is still counted as an open P1 brief despite a status of 'Split (see FR-061, FR-062, FR-063)' — a split parent should be closed, not left open for 175 days","FR-054 has been sitting in the non-terminal status 'Split (see FR-061, FR-062, FR-063)' for 183 days — close it or restore it to a real status",SAME
1494,1632,project:fifty_eco_system,0.2083,BR-128 status is the unparsed string 'Done(Resolvedbydec8d1f)' and it still appears in open_briefs — the status normalizer is not covering this form,BR-128 is listed among open briefs despite status 'Done(Resolvedbydec8d1f)' — the status parser is not recognising the resolution suffix,SAME
1512,1631,project:igris-ai,0.2083,"FR-054 still counts as open with status 'Split (see FR-061, FR-062, FR-063)' — a split parent should be closed so it stops occupying the open-brief count","FR-054 has been parked in a non-standard 'Split (see FR-061, FR-062, FR-063)' status for 183 days and should be closed out",SAME
1517,1631,project:igris-ai,0.2083,"FR-054 still counts as open with status 'Split (see FR-061, FR-062, FR-063)' — a split parent should be closed, not left occupying the P1 open list","FR-054 has been parked in a non-standard 'Split (see FR-061, FR-062, FR-063)' status for 183 days and should be closed out",SAME
1540,1650,project:igris-ai,0.2083,"FR-054 is still counted open with status 'Split (see FR-061, FR-062, FR-063)' — a terminal state wearing a non-vocabulary status string","FR-054 has status 'Split (see FR-061, FR-062, FR-063)' yet still counts as an open P1 brief — close it so the split children are the only live work",SAME
1541,1590,project:fifty_eco_system,0.2083,BR-128 shows status 'Done(Resolvedbydec8d1f)' in the open-brief list — a resolved brief whose malformed status keeps it counted as open,BR-128 shows status 'Done(Resolvedbydec8d1f)' yet still appears in open_briefs — the status parser is not recognising Done when a resolution suffix is appended,SAME
1591,1673,project:igris-ai,0.2083,"FR-054 is marked 'Split (see FR-061, FR-062, FR-063)' but still counts as an open P1 brief after 181 days — split parents should be terminal, not open","FR-054 has sat open in status 'Split (see FR-061, FR-062, FR-063)' for 187 days — a split parent should be closed once its children exist",SAME
1616,1631,project:igris-ai,0.2083,"FR-054 is still listed as open with status 'Split (see FR-061, FR-062, FR-063)' — a split parent should be closed so it stops occupying the open-brief count","FR-054 has been parked in a non-standard 'Split (see FR-061, FR-062, FR-063)' status for 183 days and should be closed out",SAME
1629,1674,project:lifeos,0.2083,BR-023 is the only P0-Critical brief in the brain and it has sat In Progress for 125 days with no stalled-suggestion raised,lifeOS has 14 briefs including a P0-Critical accessibility regression (BR-023) untouched for 129 days and no recorded project activity,DIFFERENT
901,1484,project:igris-ai,0.2069,FR-054 was split into FR-061/062/063 127 days ago but the parent brief is still open — close/archive it to stop counting a superseded parent as active work.,"FR-054 has status 'Split (see FR-061, FR-062, FR-063)' but is still open and P1 after 176 days — a split parent should be closed once its children exist",SAME
1275,1291,project:lifeos,0.2069,lifeOS BR-023 is the only P0-Critical brief in the brain and has sat In Progress for 105 days with no project activity recorded,lifeOS has 14 open briefs including a P0-Critical a11y regression but zero learnings and no recorded activity — work is being briefed but nothing is being harvested,DIFFERENT
1291,1528,project:lifeos,0.2069,lifeOS has 14 open briefs including a P0-Critical a11y regression but zero learnings and no recorded activity — work is being briefed but nothing is being harvested,lifeOS BR-023 is the only P0-Critical brief in the digest and has sat In Progress for 119 days with no recorded project activity,DIFFERENT
1291,1574,project:lifeos,0.2069,lifeOS has 14 open briefs including a P0-Critical a11y regression but zero learnings and no recorded activity — work is being briefed but nothing is being harvested,lifeOS BR-023 is the only P0-Critical brief in the brain and has sat In Progress for 123 days with no project activity recorded,DIFFERENT
1295,1694,project:fifty_eco_system,0.2069,BR-128's status is the unparsed string 'Done(Resolvedbydec8d1f)' — a done brief is leaking into the open-briefs list via a status field that lost its whitespace,BR-128 shows status 'Done(Resolvedbydec8d1f)' — whitespace-stripped status strings will not match any status filter and corrupt open-brief counts,SAME
1309,1457,project:fifty_eco_system,0.2069,BR-128 status is the unparsed string 'Done(Resolvedbydec8d1f)' yet the brief still counts as open — status parsing is dropping whitespace and swallowing the Done state,BR-128 is listed among open briefs while its status reads 'Done (Resolved by dec8d1f)' — the status string was never normalised to a closed state,SAME
1343,1515,project:lifeos,0.2069,"lifeOS has a P0-Critical a11y regression (BR-023) stalled 110 days behind 13 other briefs, 7 of which are also P1-High — the priority field has stopped discriminating","BR-023 is lifeOS's only P0-Critical brief, has sat In Progress for 119 days, and — unlike fifty_eco_system's briefs — has no stalled suggestion queued for it",DIFFERENT
1356,1594,project:fifty_eco_system,0.2069,fifty_eco_system holds 34 open briefs and 0 learnings with no recorded activity — decide archive-vs-revive as one call instead of 34,"fifty_eco_system is 'active' with 34 open briefs but 178 days without activity — and it accounts for 60 of the 63 queued suggestions, crowding out every other project",EXCLUDED
1358,1557,project:lifeos,0.2069,"lifeOS BR-023 is the only P0-Critical brief in the system, In Progress and untouched for 111 days","lifeOS carries 14 open briefs including a P0 accessibility regression (BR-023) and 7 P1 bugs, all untouched for ~123 days, yet the project has produced zero learnings and no suggestion has ever been raised for it",EXCLUDED
1365,1457,project:fifty_eco_system,0.2069,BR-128's status is the unspaced string 'Done(Resolvedbydec8d1f)' yet it appears in the open-briefs list — status parsing is dropping whitespace and not recognising Done,BR-128 is listed among open briefs while its status reads 'Done (Resolved by dec8d1f)' — the status string was never normalised to a closed state,SAME
1396,1657,project:lifeos,0.2069,"lifeOS BR-023 is P0-Critical and In Progress with 115 days of no update, and no stalled suggestion has ever been raised for it","BR-023 is lifeOS's only P0-Critical brief, In Progress and untouched for 125 days, and sits under 13 sibling briefs — the a11y role regression likely explains several of them",SAME
1401,1609,project:igris-ai,0.2069,"igris-ai FR-054 has sat in status ""Split (see FR-061, FR-062, FR-063)"" for 173 days — a split parent should be closed, and none of its three children appear anywhere in the digest","FR-054 has status 'Split (see FR-061, FR-062, FR-063)' but still counts as an open P1 brief 181 days on — split parents should close, not linger",SAME
1403,1453,global,0.2069,The suggestion queue is 60 items and ~93% of it is two mechanical modules firing per-brief on one dormant project — add per-project rollup/caps before the queue stops being read,The suggestion queue is ~90% one project's stall/gap alerts — cap per-project suggestions or the reviewable signal is buried,SAME
1404,1595,project:lifeos,0.2069,lifeOS BR-023 is the only P0-Critical brief in the brain and has sat In Progress for 116 days with no learnings ever captured for the project,lifeOS has 14 open briefs untouched for ~124 days — including a P0-Critical a11y regression (BR-023) — yet zero of them appear in the stalled queue,DIFFERENT
1414,1804,project:fifty_eco_system,0.2069,fifty_eco_system holds 34 open briefs but has had zero activity for 171 days — decide whether to archive the project or schedule a real revival sprint,Five fifty_eco_system briefs sit in 'In Progress' with 190 days of zero project activity — 'In Progress' no longer means anyone is working on them,DIFFERENT
1417,1621,project:lifeos,0.2069,lifeOS has 14 open briefs including a P0 accessibility regression but zero learnings recorded — a full bug sweep produced briefs and no captured knowledge,"BR-023 is lifeOS's only P0-Critical brief, has sat In Progress for 124 days, and the project has zero recorded learnings — no one is working it",DIFFERENT
1418,1595,project:lifeos,0.2069,BR-023 is the only P0-Critical brief in the whole digest and it has sat In Progress for 116 days with no stalled-suggestion ever raised for it,lifeOS has 14 open briefs untouched for ~124 days — including a P0-Critical a11y regression (BR-023) — yet zero of them appear in the stalled queue,DIFFERENT
1420,1626,project:fifty_eco_system,0.2069,BR-128 is recorded as 'Done(Resolvedbydec8d1f)' yet still appears in the open-brief set — a malformed status string is keeping resolved work open,"BR-128 shows status 'Done(Resolvedbydec8d1f)' — a whitespace-stripped free-text status that a Done-state parser will not match, and it is still counted as an open brief",SAME
1428,1460,project:fifty_eco_system,0.2069,"27 'Done but unchecked acceptance criteria' suggestions all predate the commit that added the closing-gate — resolve them as one historical sweep, not 27 reviews","27 briefs marked Done with unchecked acceptance criteria is a process failure, not 27 findings — the Done transition is not gated on criteria",SAME
1432,1492,global,0.2069,Suggestion queue is 96% one project — cap per-project stalled/gap suggestions so real cross-project findings aren't buried,The stalled+gap modules emitted ~60 near-identical suggestions all pointing at fifty_eco_system — add per-project aggregation or a dormancy cutoff before the queue becomes unreadable,SAME
1435,1554,project:igris-ai,0.2069,"FR-054 still counts as open with status 'Split (see FR-061, FR-062, FR-063)' — a split parent should be closed, not left In Progress for 174 days",FR-054 is still listed as an open P1 brief 177 days after being split into FR-061/062/063 — a split parent left open inflates the backlog and none of its children appear in the digest,SAME
1444,1568,project:igris-ai,0.2069,"FR-054 sits in the non-canonical status 'Split (see FR-061, FR-062, FR-063)' and still counts as an open P1 — close it now that a status-vocabulary gate exists","FR-054 still sits in open_briefs with status 'Split (see FR-061, FR-062, FR-063)' after 180 days — a split parent should be closed, not left counting against open work",SAME
1453,1492,global,0.2069,The suggestion queue is ~90% one project's stall/gap alerts — cap per-project suggestions or the reviewable signal is buried,The stalled+gap modules emitted ~60 near-identical suggestions all pointing at fifty_eco_system — add per-project aggregation or a dormancy cutoff before the queue becomes unreadable,SAME
1465,1608,project:lifeos,0.2069,All 14 lifeOS briefs date to a single 117–118 day old QA sweep and the project reports no activity since — the sweep produced briefs but never produced work,"lifeOS holds a P0-Critical accessibility regression plus 13 other open briefs, has zero learnings, and reports no recorded activity at all",DIFFERENT
1467,1651,project:fifty_eco_system,0.2069,BR-128 is marked 'Done (Resolved by dec8d1f)' yet still appears in the open-brief set — a status-parsing or close-sweep gap that inflates every open-brief count,"BR-128's status is the unparseable literal 'Done(Resolvedbydec8d1f)' — a resolution note collapsed into the status field, so a Done brief is still listed as open",SAME
1473,1485,project:lifeos,0.2069,lifeOS has 14 briefs untouched for ~119 days — including a P0-Critical a11y regression (BR-023) — yet no stall suggestion has ever been raised for the project,BR-023 is the only P0-Critical brief anywhere in the digest and it has sat In Progress for 118 days with no lifeOS activity recorded at all,DIFFERENT
1473,1521,project:lifeos,0.2069,lifeOS has 14 briefs untouched for ~119 days — including a P0-Critical a11y regression (BR-023) — yet no stall suggestion has ever been raised for the project,lifeOS has 14 open briefs including a P0 and eight P1s but zero learnings recorded — the project is producing work and no knowledge,DIFFERENT
1485,1595,project:lifeos,0.2069,BR-023 is the only P0-Critical brief anywhere in the digest and it has sat In Progress for 118 days with no lifeOS activity recorded at all,lifeOS has 14 open briefs untouched for ~124 days — including a P0-Critical a11y regression (BR-023) — yet zero of them appear in the stalled queue,DIFFERENT
1495,1687,project:lifeos,0.2069,lifeOS has 14 open briefs including a P0 accessibility regression but zero learnings and no recorded activity — the brain is capturing nothing from this project,lifeOS BR-023 is the only P0-Critical brief in the brain and has sat In Progress for 130 days with no activity record,DIFFERENT
1512,1554,project:igris-ai,0.2069,"FR-054 still counts as open with status 'Split (see FR-061, FR-062, FR-063)' — a split parent should be closed so it stops occupying the open-brief count",FR-054 is still listed as an open P1 brief 177 days after being split into FR-061/062/063 — a split parent left open inflates the backlog and none of its children appear in the digest,SAME
1517,1554,project:igris-ai,0.2069,"FR-054 still counts as open with status 'Split (see FR-061, FR-062, FR-063)' — a split parent should be closed, not left occupying the P1 open list",FR-054 is still listed as an open P1 brief 177 days after being split into FR-061/062/063 — a split parent left open inflates the backlog and none of its children appear in the digest,SAME
1524,1804,project:fifty_eco_system,0.2069,"fifty_eco_system has 34 open briefs but zero activity for 174 days — decide whether to archive the project or re-scope it, rather than triaging 30 stalled briefs one by one",Five fifty_eco_system briefs sit in 'In Progress' with 190 days of zero project activity — 'In Progress' no longer means anyone is working on them,DIFFERENT
1526,1633,project:fifty_eco_system,0.2069,"27 briefs are marked Done with unchecked acceptance criteria — this is a systematic closing-ritual defect, not 27 independent oversights; fix the Done gate instead of the briefs","27 fifty_eco_system briefs were closed with unchecked acceptance criteria — treat as one process failure, not 27 separate reviews",SAME
1535,1804,project:fifty_eco_system,0.2069,fifty_eco_system holds 34 open briefs but has had zero activity for 174 days — decide whether to archive the project or schedule a dedicated burn-down,Five fifty_eco_system briefs sit in 'In Progress' with 190 days of zero project activity — 'In Progress' no longer means anyone is working on them,DIFFERENT
1554,1673,project:igris-ai,0.2069,FR-054 is still listed as an open P1 brief 177 days after being split into FR-061/062/063 — a split parent left open inflates the backlog and none of its children appear in the digest,"FR-054 has sat open in status 'Split (see FR-061, FR-062, FR-063)' for 187 days — a split parent should be closed once its children exist",SAME
1590,1602,project:fifty_eco_system,0.2069,BR-128 shows status 'Done(Resolvedbydec8d1f)' yet still appears in open_briefs — the status parser is not recognising Done when a resolution suffix is appended,"BR-128 shows status 'Done(Resolvedbydec8d1f)' — whitespace-stripped and still listed as open, suggesting the status field is free text the open-brief filter cannot read",SAME
1594,1804,project:fifty_eco_system,0.2069,"fifty_eco_system is 'active' with 34 open briefs but 178 days without activity — and it accounts for 60 of the 63 queued suggestions, crowding out every other project",Five fifty_eco_system briefs sit in 'In Progress' with 190 days of zero project activity — 'In Progress' no longer means anyone is working on them,EXCLUDED
1632,1664,project:fifty_eco_system,0.2069,BR-128 is listed among open briefs despite status 'Done(Resolvedbydec8d1f)' — the status parser is not recognising the resolution suffix,"27 briefs marked Done with unchecked acceptance criteria points at a broken completion gate, not 27 separate oversights — verify the AC parser isn't failing open here",DIFFERENT
1632,1691,project:fifty_eco_system,0.2069,BR-128 is listed among open briefs despite status 'Done(Resolvedbydec8d1f)' — the status parser is not recognising the resolution suffix,"27 fifty_eco_system briefs are marked Done with unchecked acceptance criteria — the Done transition is not gated, matching the parser fail-open defect already learned in mbrgea-ai",DIFFERENT
1271,1424,project:fifty_eco_system,0.2059,60 of 68 open suggestions are mechanical stalled/gap rows for one dormant project — the review queue is unusable until they are batch-resolved,"fifty_eco_system has 34 open briefs but no activity for 171 days — decide whether to archive the project or re-commit to it, rather than triaging 30+ stalled-brief suggestions one at a time",DIFFERENT
1305,1330,project:fifty_eco_system,0.2059,"fifty_eco_system has 34 open briefs all frozen at 166/146 days and zero recorded learnings — decide whether the project is paused, or bulk-close it","Two project slugs for the same codebase — 'fifty_eco_system' (34 open briefs, 0 learnings) and 'fifty-eco-system' (0 briefs, 7 learnings) — the brief and learning layers are split across a naming variant",DIFFERENT
1312,1342,project:fifty_eco_system,0.2059,"27 briefs marked Done with unchecked acceptance criteria are all in one project — this is a workflow defect in how fifty_eco_system closes briefs, not 27 findings","All 34 fifty_eco_system briefs froze on the same two dates (169d / 148d ago) with zero learnings recorded — this reads as an abandoned project, not 34 independent stalls",DIFFERENT
1313,1342,project:fifty_eco_system,0.2059,"34 open briefs in fifty_eco_system have all sat untouched for 167 days — the project looks abandoned, not backlogged; decide to archive or re-activate it wholesale","All 34 fifty_eco_system briefs froze on the same two dates (169d / 148d ago) with zero learnings recorded — this reads as an abandoned project, not 34 independent stalls",SAME
1326,1482,global,0.2059,62 of 66 open suggestions are single-project fifty_eco_system stalled/gap notices — the queue is drowning higher-value findings and should be collapsed per-project,"The stalled+gap modules emitted 60+ near-identical suggestions, 55 of them for one dormant project — add per-project rollup/caps before the queue stops being readable",SAME
1326,1620,global,0.2059,62 of 66 open suggestions are single-project fifty_eco_system stalled/gap notices — the queue is drowning higher-value findings and should be collapsed per-project,"The suggestion queue is 69 items and ~97% is two mechanical modules (stalled, gap) firing on one dormant project — add a per-project cap or dormancy filter before the queue becomes unreadable",SAME
1326,1663,global,0.2059,62 of 66 open suggestions are single-project fifty_eco_system stalled/gap notices — the queue is drowning higher-value findings and should be collapsed per-project,The stalled+gap modules emitted ~60 near-identical suggestions all for fifty_eco_system — add per-project rollup or a dormancy suppression rule so real signal isn't buried,SAME
1326,1671,global,0.2059,62 of 66 open suggestions are single-project fifty_eco_system stalled/gap notices — the queue is drowning higher-value findings and should be collapsed per-project,"The stalled + gap modules have queued ~60 near-identical suggestions, 55 of them for one dormant project — add per-project rollup/caps so the review queue stays readable",SAME
1340,1599,project:fifty_eco_system,0.2059,"Two project slugs for the same codebase — 'fifty_eco_system' (34 open briefs, 0 learnings) and 'fifty-eco-system' (0 open briefs, 7 learnings) — briefs and knowledge are split across a hyphen/underscore variant",fifty_eco_system has 34 open briefs and no activity for 178 days — decide whether to revive or shelve the project instead of triaging 30 individual stall alerts,DIFFERENT
1377,1594,project:fifty_eco_system,0.2059,"Two project slugs exist for the same codebase — fifty_eco_system (34 open briefs, 0 learnings) and fifty-eco-system (0 briefs, 7 learnings); briefs and knowledge are split across them","fifty_eco_system is 'active' with 34 open briefs but 178 days without activity — and it accounts for 60 of the 63 queued suggestions, crowding out every other project",EXCLUDED
1392,1594,project:fifty_eco_system,0.2059,Every fifty_eco_system stalled suggestion says 68 days but the briefs now report 174 days idle — the stalled module's day counts are stale and no longer match the digest,"fifty_eco_system is 'active' with 34 open briefs but 178 days without activity — and it accounts for 60 of the 63 queued suggestions, crowding out every other project",EXCLUDED
1404,1553,project:lifeos,0.2059,lifeOS BR-023 is the only P0-Critical brief in the brain and has sat In Progress for 116 days with no learnings ever captured for the project,"lifeOS carries 14 open briefs including a P0 accessibility regression and eight P1 bugs, but has zero learnings and no recorded activity — the project is accumulating defects with no knowledge capture at all",DIFFERENT
1428,1468,project:fifty_eco_system,0.2059,"27 'Done but unchecked acceptance criteria' suggestions all predate the commit that added the closing-gate — resolve them as one historical sweep, not 27 reviews","27 fifty_eco_system briefs were marked Done with unchecked acceptance criteria — treat this as one process defect in the close ritual, not 27 individual cleanups",SAME
1433,1826,project:lifeos,0.2059,"lifeOS has 14 open briefs including a P0-Critical a11y regression (BR-023) idle 116 days, yet zero learnings and no recorded activity","lifeOS BR-023 (P0-Critical a11y regression) is the root cause of at least three other open lifeOS briefs (BR-030, BR-031, BR-035) — they are one accessibility-tree defect filed as four, and fixing BR-023 likely closes the rest",DIFFERENT
1474,1589,brief:br-001,0.2059,"The stalled-brief detector appears scoped to two projects — hadir, hadir-system, igris-ai and lifeOS all have 110+ day stale briefs with no corresponding suggestion",Brief IDs collide across projects (BR-001 open in hadir-system and attendance_app; BR-027/BR-028 in both hadir and lifeOS) — any cross-project reference or suggestion citing a bare id is ambiguous,DIFFERENT
1485,1557,project:lifeos,0.2059,BR-023 is the only P0-Critical brief anywhere in the digest and it has sat In Progress for 118 days with no lifeOS activity recorded at all,"lifeOS carries 14 open briefs including a P0 accessibility regression (BR-023) and 7 P1 bugs, all untouched for ~123 days, yet the project has produced zero learnings and no suggestion has ever been raised for it",EXCLUDED
1492,1605,global,0.2059,The stalled+gap modules emitted ~60 near-identical suggestions all pointing at fifty_eco_system — add per-project aggregation or a dormancy cutoff before the queue becomes unreadable,29 of the 33 queued 'stalled' suggestions are the same finding about one dormant project — the stalled module needs per-project aggregation before it buries higher-signal findings,SAME
1511,1621,project:lifeos,0.2059,"lifeOS filed 14 briefs on the same day 120 days ago, nine of them P1-High and one P0-Critical, and none has moved since — the priorities are not being used as a queue","BR-023 is lifeOS's only P0-Critical brief, has sat In Progress for 124 days, and the project has zero recorded learnings — no one is working it",DIFFERENT
1553,1701,project:lifeos,0.2059,"lifeOS carries 14 open briefs including a P0 accessibility regression and eight P1 bugs, but has zero learnings and no recorded activity — the project is accumulating defects with no knowledge capture at all",Nine of lifeOS's fourteen open briefs are P1-High and all sit at 132 days — the priority field carries no ordering information,DIFFERENT
1318,1561,project:fifty_eco_system,0.2051,"27 briefs are Done with unchecked acceptance criteria, but a commit gate now refuses exactly this — decide whether the historical backlog gets audited or grandfathered","27 briefs are marked Done with unchecked acceptance criteria in one project, and a sibling learning shows the AC parser fails open — the gap suggestions may be a parser artifact, not 27 real gaps",SAME
1325,1821,project:fifty_eco_system,0.2051,"Two project slugs differ only by separator — fifty_eco_system (34 open briefs) vs fifty-eco-system (7 learnings, 0 briefs) — so briefs and learnings for one codebase are split across two brain projects","fifty_eco_system has 33 open briefs but only 7 learnings in 187 days — the project consumes brief-writing effort and returns almost no knowledge, which is the strongest single argument for archiving it outright",DIFFERENT
1333,1526,project:fifty_eco_system,0.2051,27 queued 'Done but unchecked acceptance criteria' suggestions are all pre-existing debt from before commit 03adca2 shipped the closing-commit gate — batch-reconcile them rather than triaging one by one,"27 briefs are marked Done with unchecked acceptance criteria — this is a systematic closing-ritual defect, not 27 independent oversights; fix the Done gate instead of the briefs",SAME
1378,1555,project:fifty_eco_system,0.2051,"All 34 fifty_eco_system briefs share days_since_update 170 and the project has null activity — the backlog looks abandoned, not stalled; consider a bulk triage-or-archive pass rather than 30 more per-brief stall alerts",fifty_eco_system has 34 open briefs but zero activity in 177 days — decide whether to formally pause the project instead of leaving 30+ stall alerts accruing,SAME
1394,1679,global,0.2051,"69 open suggestions, 56 of them mechanical stalled/gap rows for a single dormant project — the review queue needs per-project caps or grouping before any new signal can be seen","The stalled/gap modules emit one suggestion per brief — 69 queued items are ~3 findings, and the queue will drown any new signal until they are collapsed",SAME
1395,1428,project:fifty_eco_system,0.2051,"27 fifty_eco_system briefs are Done with unchecked acceptance criteria — this looks like a per-project closing habit, and the gate that now refuses such commits landed only recently","27 'Done but unchecked acceptance criteria' suggestions all predate the commit that added the closing-gate — resolve them as one historical sweep, not 27 reviews",SAME
1395,1664,project:fifty_eco_system,0.2051,"27 fifty_eco_system briefs are Done with unchecked acceptance criteria — this looks like a per-project closing habit, and the gate that now refuses such commits landed only recently","27 briefs marked Done with unchecked acceptance criteria points at a broken completion gate, not 27 separate oversights — verify the AC parser isn't failing open here",SAME
1397,1596,brief:br-024,0.2051,"The stalled module only ever fires on fifty_eco_system and attendance_app — lifeOS (14 briefs, 117 days), hadir (132 days), and hadir-system (158 days) are equally stale and produce no suggestions","Four active projects with open briefs (lifeOS 14, attendance_app 4, hadir-system 1, moca-hr-agent 1) have zero learnings and null activity — work is either happening outside the brain or these are dead entries",DIFFERENT
1425,1660,project:lifeos,0.2051,BR-023 is the only P0-Critical brief in the digest and has sat In Progress for 116 days with no owner activity — lifeOS shows 14 open briefs and zero recorded learnings,"Four active projects carry 19 open briefs between them and zero learnings — nothing from lifeOS, attendance_app, hadir-system or moca-hr-agent has ever been harvested into the brain",DIFFERENT
1442,1679,global,0.2051,The open-suggestion queue is 96% one project — 27 near-identical 'stalled 68 days' items plus 27 'Done but unchecked AC' items all from fifty_eco_system are drowning out every other signal,"The stalled/gap modules emit one suggestion per brief — 69 queued items are ~3 findings, and the queue will drown any new signal until they are collapsed",SAME
1513,1668,project:attendance_app,0.2051,"attendance_app, lifeOS, hadir-system and moca-hr-agent have open briefs but zero learnings recorded — either work is happening without harvest, or these projects are inactive and should be marked so","attendance_app has 4 open briefs and a large body of matching commits, but null recorded activity and zero learnings — brain tracking appears disconnected from the repo",DIFFERENT
1514,1537,project:fifty_eco_system,0.2051,"fifty_eco_system holds 34 open briefs but has had zero activity for 174 days — decide whether to archive the project or resume it, rather than triaging 30 stalled-brief suggestions one at a time",All 27 'Done with unchecked acceptance criteria' suggestions predate the closing-commit gate — verify the gate covers this project rather than triaging the 27 legacy briefs one by one,DIFFERENT
1516,1548,global,0.2051,"The stalled and gap suggestion modules have produced 60 queued items covering only 2 projects — lifeOS (14 open briefs, 120 days cold) and hadir (2 briefs, 133+ days) are invisible to them",The suggestion queue is 60 items of which ~57 are mechanical per-brief 'stalled'/'gap' rows from two modules on one project — the stalled and gap modules need per-project aggregation before they drown real signal,DIFFERENT
1525,1548,global,0.2051,The stalled/gap modules have queued 69 near-identical suggestions (30 stalled + 27 gap on fifty_eco_system alone) — add per-project caps or roll-ups before the review queue becomes unreadable,The suggestion queue is 60 items of which ~57 are mechanical per-brief 'stalled'/'gap' rows from two modules on one project — the stalled and gap modules need per-project aggregation before they drown real signal,SAME
1533,1816,project:attendance_app,0.2051,"Substantial shipped work (Microsoft SSO, i18n/Arabic, PDF reports, release signing) appears in recent commits but attendance_app has zero learnings and all four briefs sit 157 days stale",attendance_app has three briefs stuck 'In Progress' for 170 days with zero learnings and no recorded activity — work was started and silently dropped mid-flight,DIFFERENT
1537,1655,project:fifty_eco_system,0.2051,All 27 'Done with unchecked acceptance criteria' suggestions predate the closing-commit gate — verify the gate covers this project rather than triaging the 27 legacy briefs one by one,"fifty_eco_system holds 34 open briefs but has had zero activity for 180 days — decide whether to archive the project or re-scope it, rather than triaging 30 stalled-brief suggestions one at a time",DIFFERENT
1548,1663,global,0.2051,The suggestion queue is 60 items of which ~57 are mechanical per-brief 'stalled'/'gap' rows from two modules on one project — the stalled and gap modules need per-project aggregation before they drown real signal,The stalled+gap modules emitted ~60 near-identical suggestions all for fifty_eco_system — add per-project rollup or a dormancy suppression rule so real signal isn't buried,SAME
1548,1671,global,0.2051,The suggestion queue is 60 items of which ~57 are mechanical per-brief 'stalled'/'gap' rows from two modules on one project — the stalled and gap modules need per-project aggregation before they drown real signal,"The stalled + gap modules have queued ~60 near-identical suggestions, 55 of them for one dormant project — add per-project rollup/caps so the review queue stays readable",SAME
1569,1660,project:lifeos,0.2051,"lifeOS has 14 open briefs — including a P0-Critical a11y regression (BR-023) — but zero learnings and no recorded activity, suggesting the project was filed and never worked","Four active projects carry 19 open briefs between them and zero learnings — nothing from lifeOS, attendance_app, hadir-system or moca-hr-agent has ever been harvested into the brain",DIFFERENT
1656,1815,global,0.2051,The suggestion queue is 69 items of which ~57 are mechanical stalled/gap rows from a single dormant project — add a per-project cap or dormancy filter to the stalled and gap modules before they drown real findings,44 of the 60 open suggestions are auto-generated edge_inference rows (ids 1712-1755) — they drown the 16 substantive findings and should be batch-applied or routed out of the operator queue,DIFFERENT
1471,1519,learning:1248,0.2045,Four independent projects logged the same root cause this period — a check that reports success without having checked — which is worth a cross-project guardrail rather than four separate learnings,"""A check that reports success without having checked"" is already named as a recurring class (1248) and has since recurred at least four more times — the verification-honesty rule is not being enforced anywhere",SAME
902,1800,project:igris-ai,0.2000,"A large cluster of briefs marked 'Superseded' are still sitting in the open set (e.g. FR-140, TD-181, TD-204, TD-247, TD-250, TD-251, FR-174, FR-117) — sweep them to Closed to declutter the 61-brief backlog.","igris-ai carries 163 open briefs and 602 learnings — the largest backlog in the system by 2.6x, and large enough that the open set can no longer function as a work queue",DIFFERENT
1270,1342,project:fifty_eco_system,0.2000,"fifty_eco_system (34 open briefs, 0 learnings) and fifty-eco-system (0 open briefs, 7 learnings) are the same project split across two slugs, so harvest and recall never meet","All 34 fifty_eco_system briefs froze on the same two dates (169d / 148d ago) with zero learnings recorded — this reads as an abandoned project, not 34 independent stalls",DIFFERENT
1272,1305,project:fifty_eco_system,0.2000,All 34 fifty_eco_system briefs are 143-163 days untouched with no project activity — archive or park the project rather than letting it generate suggestions forever,"fifty_eco_system has 34 open briefs all frozen at 166/146 days and zero recorded learnings — decide whether the project is paused, or bulk-close it",SAME
1274,1316,project:igris-ai,0.2000,"FR-054's status is the free-text 'Split (see FR-061, FR-062, FR-063)' — a split brief has no terminal state, so it counts as open forever","FR-054 carries the non-vocabulary status 'Split (see FR-061, FR-062, FR-063)' and is still counted open — its children aren't in the digest to confirm the split landed",SAME
1274,1364,project:igris-ai,0.2000,"FR-054's status is the free-text 'Split (see FR-061, FR-062, FR-063)' — a split brief has no terminal state, so it counts as open forever",FR-054 still counts as open at P1-High while its status says it was split into FR-061/062/063 — the parent should be closed or the children linked,SAME
1274,1456,project:igris-ai,0.2000,"FR-054's status is the free-text 'Split (see FR-061, FR-062, FR-063)' — a split brief has no terminal state, so it counts as open forever",FR-054 is still counted as an open brief although its status says it was split into FR-061/062/063 — close it so the open count stops double-counting,SAME
1274,1484,project:igris-ai,0.2000,"FR-054's status is the free-text 'Split (see FR-061, FR-062, FR-063)' — a split brief has no terminal state, so it counts as open forever","FR-054 has status 'Split (see FR-061, FR-062, FR-063)' but is still open and P1 after 176 days — a split parent should be closed once its children exist",SAME
1274,1601,project:igris-ai,0.2000,"FR-054's status is the free-text 'Split (see FR-061, FR-062, FR-063)' — a split brief has no terminal state, so it counts as open forever",FR-054 is still counted open although its status says it was split into FR-061/062/063 — close it so the open-brief count reflects real work,SAME
1291,1485,project:lifeos,0.2000,lifeOS has 14 open briefs including a P0-Critical a11y regression but zero learnings and no recorded activity — work is being briefed but nothing is being harvested,BR-023 is the only P0-Critical brief anywhere in the digest and it has sat In Progress for 118 days with no lifeOS activity recorded at all,DIFFERENT
1296,1472,project:fifty_eco_system,0.2000,fifty_eco_system's entire 34-brief backlog is uniformly 143–163 days stale with zero commits — decide bulk-archive vs. revival rather than triaging 30 stall alerts individually,fifty_eco_system has 34 open briefs but zero activity in 172 days — decide whether to archive the project or schedule a deliberate revival,SAME
1304,1419,project:igris-ai,0.2000,"FR-054 sits in a non-canonical status 'Split (see FR-061, FR-062, FR-063)' that the new status vocabulary normalization does not cover","FR-054 still sits open with status 'Split (see FR-061, FR-062, FR-063)' after 174 days — a split parent should be closed, not left counting as open work",SAME
1304,1500,project:igris-ai,0.2000,"FR-054 sits in a non-canonical status 'Split (see FR-061, FR-062, FR-063)' that the new status vocabulary normalization does not cover","FR-054 still sits open with status 'Split (see FR-061, FR-062, FR-063)' after 176 days — a split parent should be closed, not left counting as open P1 work",SAME
1314,1674,project:lifeos,0.2000,BR-023 is the brain's only P0-Critical brief and has been In Progress for 109 days with no per-brief stall suggestion raised,lifeOS has 14 briefs including a P0-Critical accessibility regression (BR-023) untouched for 129 days and no recorded project activity,DIFFERENT
1327,1378,project:fifty_eco_system,0.2000,"fifty_eco_system holds 34 open briefs (4 of them P1-High) frozen at 167/147 days with 0 learnings — it looks abandoned rather than paused, and no brief records that decision","All 34 fifty_eco_system briefs share days_since_update 170 and the project has null activity — the backlog looks abandoned, not stalled; consider a bulk triage-or-archive pass rather than 30 more per-brief stall alerts",SAME
1327,1424,project:fifty_eco_system,0.2000,"fifty_eco_system holds 34 open briefs (4 of them P1-High) frozen at 167/147 days with 0 learnings — it looks abandoned rather than paused, and no brief records that decision","fifty_eco_system has 34 open briefs but no activity for 171 days — decide whether to archive the project or re-commit to it, rather than triaging 30+ stalled-brief suggestions one at a time",SAME
1330,1599,project:fifty_eco_system,0.2000,"Two project slugs for the same codebase — 'fifty_eco_system' (34 open briefs, 0 learnings) and 'fifty-eco-system' (0 briefs, 7 learnings) — the brief and learning layers are split across a naming variant",fifty_eco_system has 34 open briefs and no activity for 178 days — decide whether to revive or shelve the project instead of triaging 30 individual stall alerts,DIFFERENT
1332,1681,project:lifeos,0.2000,"BR-023 is the only P0-Critical brief in the brain, In Progress and untouched for 109 days, yet no stalled suggestion has ever been raised for it","lifeOS has 14 open briefs including a P0-Critical a11y regression untouched for 129 days, zero captured learnings, and no recorded activity — it is running dark",DIFFERENT
1334,1554,project:igris-ai,0.2000,"FR-054 sits open with status 'Split (see FR-061, FR-062, FR-063)' — a resolved parent still counted as an open P1 brief because 'Split' is not a terminal status in the vocabulary",FR-054 is still listed as an open P1 brief 177 days after being split into FR-061/062/063 — a split parent left open inflates the backlog and none of its children appear in the digest,SAME
1334,1669,project:igris-ai,0.2000,"FR-054 sits open with status 'Split (see FR-061, FR-062, FR-063)' — a resolved parent still counted as an open P1 brief because 'Split' is not a terminal status in the vocabulary","FR-054 has been sitting in the non-terminal status 'Split (see FR-061, FR-062, FR-063)' for 183 days — close it or restore it to a real status",SAME
1339,1480,brief:br-001,0.2000,"Brief IDs collide across projects (BR-001 exists in hadir-system, attendance_app, and fifty_eco_system; BR-027/BR-028 in both hadir and lifeOS) — any tooling keyed on brief_id alone will cross-wire them","BR-001 through BR-004 exist concurrently in attendance_app, hadir-system and fifty_eco_system — verify brief ids are project-scoped everywhere the recent identity fixes touched",SAME
1340,1594,project:fifty_eco_system,0.2000,"Two project slugs for the same codebase — 'fifty_eco_system' (34 open briefs, 0 learnings) and 'fifty-eco-system' (0 open briefs, 7 learnings) — briefs and knowledge are split across a hyphen/underscore variant","fifty_eco_system is 'active' with 34 open briefs but 178 days without activity — and it accounts for 60 of the 63 queued suggestions, crowding out every other project",EXCLUDED
1343,1608,project:lifeos,0.2000,"lifeOS has a P0-Critical a11y regression (BR-023) stalled 110 days behind 13 other briefs, 7 of which are also P1-High — the priority field has stopped discriminating","lifeOS holds a P0-Critical accessibility regression plus 13 other open briefs, has zero learnings, and reports no recorded activity at all",DIFFERENT
1379,1688,project:lifeos,0.2000,"BR-023 is the only P0-Critical brief in the whole brain, In Progress and untouched for 112 days, with 13 more P1/P2 lifeOS briefs behind it and zero recorded learnings for the project","14 lifeOS briefs (BR-023 to BR-036) all froze at 130-131 days — a whole QA sweep was filed and never worked, and the stalled detector never flagged it",EXCLUDED
1384,1482,global,0.2000,66 of 69 queued suggestions are single-project fifty_eco_system stall/gap alerts — the review queue is saturated by one dormant project and will bury anything new,"The stalled+gap modules emitted 60+ near-identical suggestions, 55 of them for one dormant project — add per-project rollup/caps before the queue stops being readable",SAME
1384,1620,global,0.2000,66 of 69 queued suggestions are single-project fifty_eco_system stall/gap alerts — the review queue is saturated by one dormant project and will bury anything new,"The suggestion queue is 69 items and ~97% is two mechanical modules (stalled, gap) firing on one dormant project — add a per-project cap or dormancy filter before the queue becomes unreadable",SAME
1395,1613,project:fifty_eco_system,0.2000,"27 fifty_eco_system briefs are Done with unchecked acceptance criteria — this looks like a per-project closing habit, and the gate that now refuses such commits landed only recently","27 briefs are Done with unchecked acceptance criteria while learning 1368 reports the AC-parser fails open on heading variants — the backlog may be a parser artifact, not 27 real gaps",SAME
1396,1433,project:lifeos,0.2000,"lifeOS BR-023 is P0-Critical and In Progress with 115 days of no update, and no stalled suggestion has ever been raised for it","lifeOS has 14 open briefs including a P0-Critical a11y regression (BR-023) idle 116 days, yet zero learnings and no recorded activity",DIFFERENT
1401,1406,project:igris-ai,0.2000,"igris-ai FR-054 has sat in status ""Split (see FR-061, FR-062, FR-063)"" for 173 days — a split parent should be closed, and none of its three children appear anywhere in the digest","FR-054 has status 'Split (see FR-061, FR-062, FR-063)' yet still counts as an open P1 brief — split parents should close, or the successors are missing",SAME
1401,1650,project:igris-ai,0.2000,"igris-ai FR-054 has sat in status ""Split (see FR-061, FR-062, FR-063)"" for 173 days — a split parent should be closed, and none of its three children appear anywhere in the digest","FR-054 has status 'Split (see FR-061, FR-062, FR-063)' yet still counts as an open P1 brief — close it so the split children are the only live work",SAME
1403,1475,global,0.2000,The suggestion queue is 60 items and ~93% of it is two mechanical modules firing per-brief on one dormant project — add per-project rollup/caps before the queue stops being read,62 of 66 queued suggestions are single-brief 'stalled'/'gap' notices from one project — collapse per-brief alerts into per-project rollups before the queue becomes unreadable,SAME
1403,1492,global,0.2000,The suggestion queue is 60 items and ~93% of it is two mechanical modules firing per-brief on one dormant project — add per-project rollup/caps before the queue stops being read,The stalled+gap modules emitted ~60 near-identical suggestions all pointing at fifty_eco_system — add per-project aggregation or a dormancy cutoff before the queue becomes unreadable,SAME
1403,1824,global,0.2000,The suggestion queue is 60 items and ~93% of it is two mechanical modules firing per-brief on one dormant project — add per-project rollup/caps before the queue stops being read,"No project tracks briefs-closed-per-week, so a 166-brief backlog and a 0-brief backlog look identical in the digest — add a brief throughput field before any bulk-triage decision",DIFFERENT
1406,1631,project:igris-ai,0.2000,"FR-054 has status 'Split (see FR-061, FR-062, FR-063)' yet still counts as an open P1 brief — split parents should close, or the successors are missing","FR-054 has been parked in a non-standard 'Split (see FR-061, FR-062, FR-063)' status for 183 days and should be closed out",SAME
1415,1432,global,0.2000,69 open suggestions are all from two mechanical modules (stalled/gap) and 62 concern one dormant project — the review queue is drowning its own signal,Suggestion queue is 96% one project — cap per-project stalled/gap suggestions so real cross-project findings aren't buried,SAME
1415,1809,global,0.2000,69 open suggestions are all from two mechanical modules (stalled/gap) and 62 concern one dormant project — the review queue is drowning its own signal,44 of the 60 queued suggestions are auto-generated single-edge inferences — the edge_inference module is drowning the review queue and should batch or auto-apply below a threshold,DIFFERENT
1417,1454,project:lifeos,0.2000,lifeOS has 14 open briefs including a P0 accessibility regression but zero learnings recorded — a full bug sweep produced briefs and no captured knowledge,BR-023 is a P0-Critical accessibility regression sitting In Progress for 117 days with no learnings ever recorded for lifeOS,DIFFERENT
1417,1465,project:lifeos,0.2000,lifeOS has 14 open briefs including a P0 accessibility regression but zero learnings recorded — a full bug sweep produced briefs and no captured knowledge,All 14 lifeOS briefs date to a single 117–118 day old QA sweep and the project reports no activity since — the sweep produced briefs but never produced work,DIFFERENT
1419,1493,project:igris-ai,0.2000,"FR-054 still sits open with status 'Split (see FR-061, FR-062, FR-063)' after 174 days — a split parent should be closed, not left counting as open work","FR-054 is still counted as open despite status 'Split (see FR-061, FR-062, FR-063)' — close it so the successors are the only live records",SAME
1420,1632,project:fifty_eco_system,0.2000,BR-128 is recorded as 'Done(Resolvedbydec8d1f)' yet still appears in the open-brief set — a malformed status string is keeping resolved work open,BR-128 is listed among open briefs despite status 'Done(Resolvedbydec8d1f)' — the status parser is not recognising the resolution suffix,SAME
1423,1505,project:mbrgea-ai,0.2000,mbrgea-ai carries 51 open briefs while its own learning 1262 warns that a brief spends attention whether or not anyone reads it — worth a filing-bar review,mbrgea-ai's own most-frequent defect is the partial sweep (learning 1246) and it now carries 54 open briefs at 158 learnings — worth a targeted sweep audit rather than more briefs,EXCLUDED
1428,1633,project:fifty_eco_system,0.2000,"27 'Done but unchecked acceptance criteria' suggestions all predate the commit that added the closing-gate — resolve them as one historical sweep, not 27 reviews","27 fifty_eco_system briefs were closed with unchecked acceptance criteria — treat as one process failure, not 27 separate reviews",SAME
1428,1664,project:fifty_eco_system,0.2000,"27 'Done but unchecked acceptance criteria' suggestions all predate the commit that added the closing-gate — resolve them as one historical sweep, not 27 reviews","27 briefs marked Done with unchecked acceptance criteria points at a broken completion gate, not 27 separate oversights — verify the AC parser isn't failing open here",SAME
1432,1525,global,0.2000,Suggestion queue is 96% one project — cap per-project stalled/gap suggestions so real cross-project findings aren't buried,The stalled/gap modules have queued 69 near-identical suggestions (30 stalled + 27 gap on fifty_eco_system alone) — add per-project caps or roll-ups before the review queue becomes unreadable,SAME
1433,1660,project:lifeos,0.2000,"lifeOS has 14 open briefs including a P0-Critical a11y regression (BR-023) idle 116 days, yet zero learnings and no recorded activity","Four active projects carry 19 open briefs between them and zero learnings — nothing from lifeOS, attendance_app, hadir-system or moca-hr-agent has ever been harvested into the brain",DIFFERENT
1442,1499,global,0.2000,The open-suggestion queue is 96% one project — 27 near-identical 'stalled 68 days' items plus 27 'Done but unchecked AC' items all from fifty_eco_system are drowning out every other signal,The suggestion queue is 69 items of which ~60 are single-project 'stalled'/'gap' rows — the stalled and gap modules need per-project aggregation or a dormancy suppression before they drown out anything else,SAME
1444,1529,project:igris-ai,0.2000,"FR-054 sits in the non-canonical status 'Split (see FR-061, FR-062, FR-063)' and still counts as an open P1 — close it now that a status-vocabulary gate exists","FR-054 is still counted as open with status 'Split (see FR-061, FR-062, FR-063)' — a terminal split state is being tracked as live work",SAME
1445,1494,project:fifty_eco_system,0.2000,BR-128 is recorded as 'Done(Resolvedbydec8d1f)' yet still appears in the open-briefs list — a resolved brief leaking into open counts,BR-128 status is the unparsed string 'Done(Resolvedbydec8d1f)' and it still appears in open_briefs — the status normalizer is not covering this form,SAME
1446,1687,project:lifeos,0.2000,lifeOS has 14 open briefs including a P0 accessibility regression but zero recorded learnings and no activity timestamp — the project is producing work the brain never captures,lifeOS BR-023 is the only P0-Critical brief in the brain and has sat In Progress for 130 days with no activity record,DIFFERENT
1453,1525,global,0.2000,The suggestion queue is ~90% one project's stall/gap alerts — cap per-project suggestions or the reviewable signal is buried,The stalled/gap modules have queued 69 near-identical suggestions (30 stalled + 27 gap on fifty_eco_system alone) — add per-project caps or roll-ups before the review queue becomes unreadable,SAME
1454,1553,project:lifeos,0.2000,BR-023 is a P0-Critical accessibility regression sitting In Progress for 117 days with no learnings ever recorded for lifeOS,"lifeOS carries 14 open briefs including a P0 accessibility regression and eight P1 bugs, but has zero learnings and no recorded activity — the project is accumulating defects with no knowledge capture at all",DIFFERENT
1454,1595,project:lifeos,0.2000,BR-023 is a P0-Critical accessibility regression sitting In Progress for 117 days with no learnings ever recorded for lifeOS,lifeOS has 14 open briefs untouched for ~124 days — including a P0-Critical a11y regression (BR-023) — yet zero of them appear in the stalled queue,DIFFERENT
1456,1529,project:igris-ai,0.2000,FR-054 is still counted as an open brief although its status says it was split into FR-061/062/063 — close it so the open count stops double-counting,"FR-054 is still counted as open with status 'Split (see FR-061, FR-062, FR-063)' — a terminal split state is being tracked as live work",SAME
1456,1540,project:igris-ai,0.2000,FR-054 is still counted as an open brief although its status says it was split into FR-061/062/063 — close it so the open count stops double-counting,"FR-054 is still counted open with status 'Split (see FR-061, FR-062, FR-063)' — a terminal state wearing a non-vocabulary status string",SAME
1458,1476,project:igris-ai,0.2000,Six-plus recent learnings all restate one defect class — partial claim sweeps and checks that report success without checking — and should be promoted into a coding_guidelines rule instead of accumulating as memory,Six recent learnings restate the same root cause — a check or edit that reports success without verifying — and it is already named as a recurring class; promote it to an enforced gate rather than logging it again,EXCLUDED
1459,1505,project:mbrgea-ai,0.2000,"mbrgea-ai learning 1246 names partial claim sweeps as its most frequent defect — the same class igris-ai learned independently, so the rule should be lifted to a global standard",mbrgea-ai's own most-frequent defect is the partial sweep (learning 1246) and it now carries 54 open briefs at 158 learnings — worth a targeted sweep audit rather than more briefs,EXCLUDED
1460,1577,project:fifty_eco_system,0.2000,"27 briefs marked Done with unchecked acceptance criteria is a process failure, not 27 findings — the Done transition is not gated on criteria","27 queued 'Done but unchecked acceptance criteria' suggestions all land on one project — learning 1368 says the AC parser fails open on heading variants, so investigate the parser instead of the 27 briefs",SAME
1464,1674,project:lifeos,0.2000,BR-023 is the only P0-Critical brief in the whole system and has sat In Progress for 117 days with no stalled-suggestion coverage,lifeOS has 14 briefs including a P0-Critical accessibility regression (BR-023) untouched for 129 days and no recorded project activity,DIFFERENT
1465,1557,project:lifeos,0.2000,All 14 lifeOS briefs date to a single 117–118 day old QA sweep and the project reports no activity since — the sweep produced briefs but never produced work,"lifeOS carries 14 open briefs including a P0 accessibility regression (BR-023) and 7 P1 bugs, all untouched for ~123 days, yet the project has produced zero learnings and no suggestion has ever been raised for it",EXCLUDED
1467,1590,project:fifty_eco_system,0.2000,BR-128 is marked 'Done (Resolved by dec8d1f)' yet still appears in the open-brief set — a status-parsing or close-sweep gap that inflates every open-brief count,BR-128 shows status 'Done(Resolvedbydec8d1f)' yet still appears in open_briefs — the status parser is not recognising Done when a resolution suffix is appended,SAME
1468,1577,project:fifty_eco_system,0.2000,"27 fifty_eco_system briefs were marked Done with unchecked acceptance criteria — treat this as one process defect in the close ritual, not 27 individual cleanups","27 queued 'Done but unchecked acceptance criteria' suggestions all land on one project — learning 1368 says the AC parser fails open on heading variants, so investigate the parser instead of the 27 briefs",SAME
1473,1553,project:lifeos,0.2000,lifeOS has 14 briefs untouched for ~119 days — including a P0-Critical a11y regression (BR-023) — yet no stall suggestion has ever been raised for the project,"lifeOS carries 14 open briefs including a P0 accessibility regression and eight P1 bugs, but has zero learnings and no recorded activity — the project is accumulating defects with no knowledge capture at all",DIFFERENT
1484,1529,project:igris-ai,0.2000,"FR-054 has status 'Split (see FR-061, FR-062, FR-063)' but is still open and P1 after 176 days — a split parent should be closed once its children exist","FR-054 is still counted as open with status 'Split (see FR-061, FR-062, FR-063)' — a terminal split state is being tracked as live work",SAME
1484,1540,project:igris-ai,0.2000,"FR-054 has status 'Split (see FR-061, FR-062, FR-063)' but is still open and P1 after 176 days — a split parent should be closed once its children exist","FR-054 is still counted open with status 'Split (see FR-061, FR-062, FR-063)' — a terminal state wearing a non-vocabulary status string",SAME
1493,1500,project:igris-ai,0.2000,"FR-054 is still counted as open despite status 'Split (see FR-061, FR-062, FR-063)' — close it so the successors are the only live records","FR-054 still sits open with status 'Split (see FR-061, FR-062, FR-063)' after 176 days — a split parent should be closed, not left counting as open P1 work",SAME
1494,1651,project:fifty_eco_system,0.2000,BR-128 status is the unparsed string 'Done(Resolvedbydec8d1f)' and it still appears in open_briefs — the status normalizer is not covering this form,"BR-128's status is the unparseable literal 'Done(Resolvedbydec8d1f)' — a resolution note collapsed into the status field, so a Done brief is still listed as open",SAME
1499,1536,global,0.2000,The suggestion queue is 69 items of which ~60 are single-project 'stalled'/'gap' rows — the stalled and gap modules need per-project aggregation or a dormancy suppression before they drown out anything else,"The stalled+gap modules have flooded the review queue with 69 open suggestions, 96% of them for one dormant project — add per-project caps or roll-ups before the queue becomes unreadable",SAME
1507,1536,global,0.2000,The suggestion queue is 69 items of which ~60 are mechanical stalled/gap alerts against one dormant project — raise the stalled-module threshold or scope it to active projects before it drowns real signal,"The stalled+gap modules have flooded the review queue with 69 open suggestions, 96% of them for one dormant project — add per-project caps or roll-ups before the queue becomes unreadable",SAME
1516,1556,global,0.2000,"The stalled and gap suggestion modules have produced 60 queued items covering only 2 projects — lifeOS (14 open briefs, 120 days cold) and hadir (2 briefs, 133+ days) are invisible to them","The stalled + gap modules emit one suggestion per brief, so 69 of 69 open suggestions are two mechanical checks over a single dormant project — collapse them to per-project rollups before the queue becomes unreadable",DIFFERENT
1516,1656,global,0.2000,"The stalled and gap suggestion modules have produced 60 queued items covering only 2 projects — lifeOS (14 open briefs, 120 days cold) and hadir (2 briefs, 133+ days) are invisible to them",The suggestion queue is 69 items of which ~57 are mechanical stalled/gap rows from a single dormant project — add a per-project cap or dormancy filter to the stalled and gap modules before they drown real findings,DIFFERENT
1524,1537,project:fifty_eco_system,0.2000,"fifty_eco_system has 34 open briefs but zero activity for 174 days — decide whether to archive the project or re-scope it, rather than triaging 30 stalled briefs one by one",All 27 'Done with unchecked acceptance criteria' suggestions predate the closing-commit gate — verify the gate covers this project rather than triaging the 27 legacy briefs one by one,DIFFERENT
1525,1605,global,0.2000,The stalled/gap modules have queued 69 near-identical suggestions (30 stalled + 27 gap on fifty_eco_system alone) — add per-project caps or roll-ups before the review queue becomes unreadable,29 of the 33 queued 'stalled' suggestions are the same finding about one dormant project — the stalled module needs per-project aggregation before it buries higher-signal findings,SAME
1526,1577,project:fifty_eco_system,0.2000,"27 briefs are marked Done with unchecked acceptance criteria — this is a systematic closing-ritual defect, not 27 independent oversights; fix the Done gate instead of the briefs","27 queued 'Done but unchecked acceptance criteria' suggestions all land on one project — learning 1368 says the AC parser fails open on heading variants, so investigate the parser instead of the 27 briefs",SAME
1533,1685,project:attendance_app,0.2000,"Substantial shipped work (Microsoft SSO, i18n/Arabic, PDF reports, release signing) appears in recent commits but attendance_app has zero learnings and all four briefs sit 157 days stale",attendance_app carries 4 P1-High briefs (three of them In Progress) but has 0 learnings and no recorded activity date — either the work is not being tracked or the briefs are stale,DIFFERENT
1537,1573,project:fifty_eco_system,0.2000,All 27 'Done with unchecked acceptance criteria' suggestions predate the closing-commit gate — verify the gate covers this project rather than triaging the 27 legacy briefs one by one,fifty_eco_system holds 34 open briefs with zero activity for 178 days — decide whether to archive/park the project rather than triage 30 stalled briefs one by one,DIFFERENT
1538,1660,project:lifeos,0.2000,lifeOS BR-023 is P0-Critical and has sat In Progress for 119 days with 13 other open briefs behind it and zero captured learnings,"Four active projects carry 19 open briefs between them and zero learnings — nothing from lifeOS, attendance_app, hadir-system or moca-hr-agent has ever been harvested into the brain",DIFFERENT
1540,1601,project:igris-ai,0.2000,"FR-054 is still counted open with status 'Split (see FR-061, FR-062, FR-063)' — a terminal state wearing a non-vocabulary status string",FR-054 is still counted open although its status says it was split into FR-061/062/063 — close it so the open-brief count reflects real work,SAME
1541,1562,project:fifty_eco_system,0.2000,BR-128 shows status 'Done(Resolvedbydec8d1f)' in the open-brief list — a resolved brief whose malformed status keeps it counted as open,BR-128 is recorded as Done (resolved by dec8d1f) yet still counts as an open brief in the digest — closed briefs are not leaving the open set,SAME
1554,1650,project:igris-ai,0.2000,FR-054 is still listed as an open P1 brief 177 days after being split into FR-061/062/063 — a split parent left open inflates the backlog and none of its children appear in the digest,"FR-054 has status 'Split (see FR-061, FR-062, FR-063)' yet still counts as an open P1 brief — close it so the split children are the only live work",SAME
1563,1805,project:attendance_app,0.2000,"Four projects with open briefs have never recorded a learning — attendance_app, lifeOS, hadir-system and moca-hr-agent are executing without any knowledge capture",All four attendance_app briefs are P1-High and three are 'In Progress' at 170 days with the project reporting null activity — the app has no recorded execution at all,DIFFERENT
1569,1600,project:lifeos,0.2000,"lifeOS has 14 open briefs — including a P0-Critical a11y regression (BR-023) — but zero learnings and no recorded activity, suggesting the project was filed and never worked","lifeOS BR-023 is P0-Critical and has sat In Progress for 123 days, with 13 more P1/P2 briefs behind it and no alert in the queue",DIFFERENT
1569,1657,project:lifeos,0.2000,"lifeOS has 14 open briefs — including a P0-Critical a11y regression (BR-023) — but zero learnings and no recorded activity, suggesting the project was filed and never worked","BR-023 is lifeOS's only P0-Critical brief, In Progress and untouched for 125 days, and sits under 13 sibling briefs — the a11y role regression likely explains several of them",DIFFERENT
1569,1687,project:lifeos,0.2000,"lifeOS has 14 open briefs — including a P0-Critical a11y regression (BR-023) — but zero learnings and no recorded activity, suggesting the project was filed and never worked",lifeOS BR-023 is the only P0-Critical brief in the brain and has sat In Progress for 130 days with no activity record,DIFFERENT
1569,1697,project:lifeos,0.2000,"lifeOS has 14 open briefs — including a P0-Critical a11y regression (BR-023) — but zero learnings and no recorded activity, suggesting the project was filed and never worked","BR-023, the only P0-Critical brief in the system, has been 'In Progress' for 130 days with no lifeOS activity recorded at all",DIFFERENT
1577,1594,project:fifty_eco_system,0.2000,"27 queued 'Done but unchecked acceptance criteria' suggestions all land on one project — learning 1368 says the AC parser fails open on heading variants, so investigate the parser instead of the 27 briefs","fifty_eco_system is 'active' with 34 open briefs but 178 days without activity — and it accounts for 60 of the 63 queued suggestions, crowding out every other project",EXCLUDED
1605,1620,global,0.2000,29 of the 33 queued 'stalled' suggestions are the same finding about one dormant project — the stalled module needs per-project aggregation before it buries higher-signal findings,"The suggestion queue is 69 items and ~97% is two mechanical modules (stalled, gap) firing on one dormant project — add a per-project cap or dormancy filter before the queue becomes unreadable",SAME
1613,1632,project:fifty_eco_system,0.2000,"27 briefs are Done with unchecked acceptance criteria while learning 1368 reports the AC-parser fails open on heading variants — the backlog may be a parser artifact, not 27 real gaps",BR-128 is listed among open briefs despite status 'Done(Resolvedbydec8d1f)' — the status parser is not recognising the resolution suffix,DIFFERENT
1787,1800,project:igris-ai,0.2000,igris-ai carries 163 open briefs and 602 learnings but its only digest-visible briefs are three P3/P2 research items and one Deferred debt item — the tracked backlog does not describe what the repo is actually doing,"igris-ai carries 163 open briefs and 602 learnings — the largest backlog in the system by 2.6x, and large enough that the open set can no longer function as a work queue",SAME
1787,1823,project:igris-ai,0.2000,igris-ai carries 163 open briefs and 602 learnings but its only digest-visible briefs are three P3/P2 research items and one Deferred debt item — the tracked backlog does not describe what the repo is actually doing,"igris-ai carries 166 open briefs while shipping daily — at the observed harvest rate the backlog is write-only, and the same containment/verification themes keep recurring as fresh learnings instead of closing briefs",SAME
1823,1830,project:igris-ai,0.2000,"igris-ai carries 166 open briefs while shipping daily — at the observed harvest rate the backlog is write-only, and the same containment/verification themes keep recurring as fresh learnings instead of closing briefs","igris-ai carries 166 open briefs and 612 learnings with activity today — the two largest active projects (igris-ai, mbrgea-ai: 230 open briefs combined) have no visible closure rate, so backlog size is tracking effort spent rather than work remaining",SAME
1333,1424,project:fifty_eco_system,0.1951,27 queued 'Done but unchecked acceptance criteria' suggestions are all pre-existing debt from before commit 03adca2 shipped the closing-commit gate — batch-reconcile them rather than triaging one by one,"fifty_eco_system has 34 open briefs but no activity for 171 days — decide whether to archive the project or re-commit to it, rather than triaging 30+ stalled-brief suggestions one at a time",DIFFERENT
1333,1443,project:fifty_eco_system,0.1951,27 queued 'Done but unchecked acceptance criteria' suggestions are all pre-existing debt from before commit 03adca2 shipped the closing-commit gate — batch-reconcile them rather than triaging one by one,"27 fifty_eco_system briefs are marked Done with unchecked acceptance criteria — this is a closing-discipline failure, not 27 separate defects, and igris-ai already shipped a gate for it",SAME
1447,1527,project:igris-ai,0.1951,Six recent learnings restate one rule — 'a partial sweep of a claim class is the recurring defect' — and should be consolidated into a single canonical entry or promoted to a project doc,Partial-sweep defects (correcting a claim at its source but not its siblings) recur across at least 8 learnings in igris-ai and mbrgea-ai — promote the sweep discipline into a coding-guidelines rule instead of re-learning it,SAME
1476,1559,project:igris-ai,0.1951,Six recent learnings restate the same root cause — a check or edit that reports success without verifying — and it is already named as a recurring class; promote it to an enforced gate rather than logging it again,Six learnings restate one rule — sweep a claim class occurrence-granular across all siblings before closing — and it is still being re-learned rather than enforced,DIFFERENT
1511,1826,project:lifeos,0.1951,"lifeOS filed 14 briefs on the same day 120 days ago, nine of them P1-High and one P0-Critical, and none has moved since — the priorities are not being used as a queue","lifeOS BR-023 (P0-Critical a11y regression) is the root cause of at least three other open lifeOS briefs (BR-030, BR-031, BR-035) — they are one accessibility-tree defect filed as four, and fixing BR-023 likely closes the rest",DIFFERENT
1533,1810,project:attendance_app,0.1951,"Substantial shipped work (Microsoft SSO, i18n/Arabic, PDF reports, release signing) appears in recent commits but attendance_app has zero learnings and all four briefs sit 157 days stale","Three attendance_app briefs (BR-002, BR-003, BR-004) sit 'In Progress' for 170 days with zero recorded activity and zero learnings — nothing was ever actually started or the work never reached the brain",DIFFERENT
1547,1821,project:fifty_eco_system,0.1951,"fifty_eco_system has 34 open briefs and 178-day-stale updates with zero repo activity in 174 days — decide whether to archive the project or restart it, rather than triaging briefs one at a time","fifty_eco_system has 33 open briefs but only 7 learnings in 187 days — the project consumes brief-writing effort and returns almost no knowledge, which is the strongest single argument for archiving it outright",SAME
1548,1612,global,0.1951,The suggestion queue is 60 items of which ~57 are mechanical per-brief 'stalled'/'gap' rows from two modules on one project — the stalled and gap modules need per-project aggregation before they drown real signal,The stalled/gap modules have queued ~60 near-identical suggestions for a single dormant project — add per-project rollup or a dormancy suppression rule before the review queue becomes unreadable,SAME
1561,1672,project:fifty_eco_system,0.1951,"27 briefs are marked Done with unchecked acceptance criteria in one project, and a sibling learning shows the AC parser fails open — the gap suggestions may be a parser artifact, not 27 real gaps","27 fifty_eco_system briefs were marked Done with unticked acceptance criteria — the commit 03adca2 gate that refuses this landed after them, so a one-off backfill audit is needed",SAME
1787,1814,project:igris-ai,0.1951,igris-ai carries 163 open briefs and 602 learnings but its only digest-visible briefs are three P3/P2 research items and one Deferred debt item — the tracked backlog does not describe what the repo is actually doing,igris-ai carries 165 open briefs and 602 learnings — by far the largest backlog in the system and roughly 2.5x the next project — with no evidence of any closure or archive rhythm,SAME
1271,1463,project:fifty_eco_system,0.1944,60 of 68 open suggestions are mechanical stalled/gap rows for one dormant project — the review queue is unusable until they are batch-resolved,"fifty_eco_system holds 34 open briefs but has had zero activity for 172 days — decide whether to archive the project or re-commit to it, rather than triaging 30+ stalled-brief suggestions one by one",DIFFERENT
1271,1678,project:fifty_eco_system,0.1944,60 of 68 open suggestions are mechanical stalled/gap rows for one dormant project — the review queue is unusable until they are batch-resolved,"fifty_eco_system holds 34 open briefs but has had zero activity for 184 days — decide whether to archive the project or re-commit to it, rather than triaging 30 stalled-brief suggestions one by one",DIFFERENT
1292,1561,project:fifty_eco_system,0.1944,"27 'Done but unchecked acceptance criteria' suggestions all land on fifty_eco_system — treat as one process defect (bulk AC audit), not 27 individual reviews","27 briefs are marked Done with unchecked acceptance criteria in one project, and a sibling learning shows the AC parser fails open — the gap suggestions may be a parser artifact, not 27 real gaps",SAME
1327,1452,project:fifty_eco_system,0.1944,"fifty_eco_system holds 34 open briefs (4 of them P1-High) frozen at 167/147 days with 0 learnings — it looks abandoned rather than paused, and no brief records that decision","fifty_eco_system has 34 open briefs and zero activity for 172 days — decide whether to archive the project or schedule a deliberate revival, rather than triaging 30 individual stall alerts",SAME
1327,1498,project:fifty_eco_system,0.1944,"fifty_eco_system holds 34 open briefs (4 of them P1-High) frozen at 167/147 days with 0 learnings — it looks abandoned rather than paused, and no brief records that decision","fifty_eco_system holds 34 open briefs but has seen zero activity for 173 days — decide whether to archive the project or re-commit to it, rather than triaging 30 stalled briefs one at a time",SAME
1327,1611,project:fifty_eco_system,0.1944,"fifty_eco_system holds 34 open briefs (4 of them P1-High) frozen at 167/147 days with 0 learnings — it looks abandoned rather than paused, and no brief records that decision","fifty_eco_system holds 34 open briefs but has had zero activity for 179 days — decide whether to archive the project or re-commit to it, rather than triaging its briefs one at a time",SAME
1330,1594,project:fifty_eco_system,0.1944,"Two project slugs for the same codebase — 'fifty_eco_system' (34 open briefs, 0 learnings) and 'fifty-eco-system' (0 briefs, 7 learnings) — the brief and learning layers are split across a naming variant","fifty_eco_system is 'active' with 34 open briefs but 178 days without activity — and it accounts for 60 of the 63 queued suggestions, crowding out every other project",EXCLUDED
1341,1424,project:fifty_eco_system,0.1944,58 of 61 open suggestions are mechanical 'stalled'/'gap' rows for one project — the review queue is saturated and will bury any genuinely novel finding,"fifty_eco_system has 34 open briefs but no activity for 171 days — decide whether to archive the project or re-commit to it, rather than triaging 30+ stalled-brief suggestions one at a time",DIFFERENT
1342,1377,project:fifty_eco_system,0.1944,"All 34 fifty_eco_system briefs froze on the same two dates (169d / 148d ago) with zero learnings recorded — this reads as an abandoned project, not 34 independent stalls","Two project slugs exist for the same codebase — fifty_eco_system (34 open briefs, 0 learnings) and fifty-eco-system (0 briefs, 7 learnings); briefs and knowledge are split across them",DIFFERENT
1355,1561,project:fifty_eco_system,0.1944,60 of the 60 open suggestions are mechanical stalled/gap rows on fifty_eco_system — the review queue is saturated and will hide any real finding,"27 briefs are marked Done with unchecked acceptance criteria in one project, and a sibling learning shows the AC parser fails open — the gap suggestions may be a parser artifact, not 27 real gaps",DIFFERENT
1393,1821,project:fifty_eco_system,0.1944,"fifty_eco_system has 34 open briefs (7 at P1-High) with 170 days of no activity — decide whether to archive the project or re-commit to it, rather than re-triaging briefs one by one","fifty_eco_system has 33 open briefs but only 7 learnings in 187 days — the project consumes brief-writing effort and returns almost no knowledge, which is the strongest single argument for archiving it outright",SAME
1404,1660,project:lifeos,0.1944,lifeOS BR-023 is the only P0-Critical brief in the brain and has sat In Progress for 116 days with no learnings ever captured for the project,"Four active projects carry 19 open briefs between them and zero learnings — nothing from lifeOS, attendance_app, hadir-system or moca-hr-agent has ever been harvested into the brain",DIFFERENT
1428,1443,project:fifty_eco_system,0.1944,"27 'Done but unchecked acceptance criteria' suggestions all predate the commit that added the closing-gate — resolve them as one historical sweep, not 27 reviews","27 fifty_eco_system briefs are marked Done with unchecked acceptance criteria — this is a closing-discipline failure, not 27 separate defects, and igris-ai already shipped a gate for it",SAME
1469,1798,project:attendance_app,0.1944,"attendance_app has 4 open P1 briefs and a visible commit stream (Microsoft SSO, rebrand, geolocation licensing) but zero learnings recorded — shipped work is not being harvested",attendance_app has 3 P1 briefs 'In Progress' for 169 days with zero recorded activity and zero learnings — the project may never have been started despite the status,DIFFERENT
1496,1503,project:igris-ai,0.1944,Partial-sweep and false-success defects keep recurring across igris-ai and mbrgea-ai — consider promoting the sweep discipline into a coding-guidelines rule instead of another learning,'A check that reports success without having checked' keeps recurring across projects — consider promoting learning 1248 into a project-context doc so it stops being re-learned,EXCLUDED
1537,1680,project:fifty_eco_system,0.1944,All 27 'Done with unchecked acceptance criteria' suggestions predate the closing-commit gate — verify the gate covers this project rather than triaging the 27 legacy briefs one by one,"27 fifty_eco_system briefs are Done with unchecked acceptance criteria — the same failure mode learning 1368 measured in mbrgea-ai (a fail-open AC parser), so check the parser before re-auditing the briefs",SAME
1537,1691,project:fifty_eco_system,0.1944,All 27 'Done with unchecked acceptance criteria' suggestions predate the closing-commit gate — verify the gate covers this project rather than triaging the 27 legacy briefs one by one,"27 fifty_eco_system briefs are marked Done with unchecked acceptance criteria — the Done transition is not gated, matching the parser fail-open defect already learned in mbrgea-ai",SAME
1547,1884,project:fifty_eco_system,0.1944,"fifty_eco_system has 34 open briefs and 178-day-stale updates with zero repo activity in 174 days — decide whether to archive the project or restart it, rather than triaging briefs one at a time","Three fifty_eco_system tech-debt briefs (TD-004, TD-006, TD-007) are 'In Progress' with 191 days of no activity — 'In Progress' has stopped meaning anything and should be reset to Ready or archived",DIFFERENT
1563,1798,project:attendance_app,0.1944,"Four projects with open briefs have never recorded a learning — attendance_app, lifeOS, hadir-system and moca-hr-agent are executing without any knowledge capture",attendance_app has 3 P1 briefs 'In Progress' for 169 days with zero recorded activity and zero learnings — the project may never have been started despite the status,DIFFERENT
1595,1826,project:lifeos,0.1944,lifeOS has 14 open briefs untouched for ~124 days — including a P0-Critical a11y regression (BR-023) — yet zero of them appear in the stalled queue,"lifeOS BR-023 (P0-Critical a11y regression) is the root cause of at least three other open lifeOS briefs (BR-030, BR-031, BR-035) — they are one accessibility-tree defect filed as four, and fixing BR-023 likely closes the rest",DIFFERENT
1608,1660,project:lifeos,0.1944,"lifeOS holds a P0-Critical accessibility regression plus 13 other open briefs, has zero learnings, and reports no recorded activity at all","Four active projects carry 19 open briefs between them and zero learnings — nothing from lifeOS, attendance_app, hadir-system or moca-hr-agent has ever been harvested into the brain",DIFFERENT
1620,1690,global,0.1944,"The suggestion queue is 69 items and ~97% is two mechanical modules (stalled, gap) firing on one dormant project — add a per-project cap or dormancy filter before the queue becomes unreadable",The review queue is 98% single-project mechanical notices (34 'stalled' + 27 'Done with unchecked AC') — collapse them into two batch items so real findings are visible,SAME
1622,1805,project:attendance_app,0.1944,"The Moca/Hadir attendance work is split across five project slugs (attendance_app, hadir, hadir-system, fya-hadir-app, moca-hadir-app) with overlapping rebrand and UI briefs — consolidate the slugs before more briefs fork",All four attendance_app briefs are P1-High and three are 'In Progress' at 170 days with the project reporting null activity — the app has no recorded execution at all,DIFFERENT
1652,1680,project:fifty_eco_system,0.1944,"27 queued 'Done but unchecked acceptance criteria' suggestions are one process gap, not 27 findings — the AC gate (commit 03adca2) landed after these briefs closed","27 fifty_eco_system briefs are Done with unchecked acceptance criteria — the same failure mode learning 1368 measured in mbrgea-ai (a fail-open AC parser), so check the parser before re-auditing the briefs",SAME
1796,1801,global,0.1944,44 of the 60 open suggestions are auto-generated edge_inference proposals about learnings 6–944 — they crowd out every human-actionable suggestion in the review queue and should be batch-applied or routed off the main queue,"44 of the 60 open suggestions are low-value edge_inference rows — the operator's review queue is 73% noise, which will bury the 16 substantive findings",SAME
1272,1312,project:fifty_eco_system,0.1935,All 34 fifty_eco_system briefs are 143-163 days untouched with no project activity — archive or park the project rather than letting it generate suggestions forever,"27 briefs marked Done with unchecked acceptance criteria are all in one project — this is a workflow defect in how fifty_eco_system closes briefs, not 27 findings",DIFFERENT
1272,1555,project:fifty_eco_system,0.1935,All 34 fifty_eco_system briefs are 143-163 days untouched with no project activity — archive or park the project rather than letting it generate suggestions forever,fifty_eco_system has 34 open briefs but zero activity in 177 days — decide whether to formally pause the project instead of leaving 30+ stall alerts accruing,SAME
1272,1599,project:fifty_eco_system,0.1935,All 34 fifty_eco_system briefs are 143-163 days untouched with no project activity — archive or park the project rather than letting it generate suggestions forever,fifty_eco_system has 34 open briefs and no activity for 178 days — decide whether to revive or shelve the project instead of triaging 30 individual stall alerts,SAME
1272,1884,project:fifty_eco_system,0.1935,All 34 fifty_eco_system briefs are 143-163 days untouched with no project activity — archive or park the project rather than letting it generate suggestions forever,"Three fifty_eco_system tech-debt briefs (TD-004, TD-006, TD-007) are 'In Progress' with 191 days of no activity — 'In Progress' has stopped meaning anything and should be reset to Ready or archived",DIFFERENT
1291,1465,project:lifeos,0.1935,lifeOS has 14 open briefs including a P0-Critical a11y regression but zero learnings and no recorded activity — work is being briefed but nothing is being harvested,All 14 lifeOS briefs date to a single 117–118 day old QA sweep and the project reports no activity since — the sweep produced briefs but never produced work,DIFFERENT
1296,1565,project:fifty_eco_system,0.1935,fifty_eco_system's entire 34-brief backlog is uniformly 143–163 days stale with zero commits — decide bulk-archive vs. revival rather than triaging 30 stall alerts individually,fifty_eco_system has 34 open briefs but zero activity in 177 days — decide whether to archive the project or schedule a deliberate revival sprint,SAME
1296,1628,project:fifty_eco_system,0.1935,fifty_eco_system's entire 34-brief backlog is uniformly 143–163 days stale with zero commits — decide bulk-archive vs. revival rather than triaging 30 stall alerts individually,fifty_eco_system has 34 open briefs but zero activity for 180 days — decide whether to archive the project or schedule a revival sprint,SAME
1296,1648,project:fifty_eco_system,0.1935,fifty_eco_system's entire 34-brief backlog is uniformly 143–163 days stale with zero commits — decide bulk-archive vs. revival rather than triaging 30 stall alerts individually,fifty_eco_system has 34 open briefs but zero activity for 180 days — decide whether to archive the project or schedule a deliberate revival,SAME
1307,1417,project:lifeos,0.1935,lifeOS filed 13 bug briefs in one sweep (BR-024…BR-036) and none moved off Ready in 109 days — a whole QA pass was captured and then dropped,lifeOS has 14 open briefs including a P0 accessibility regression but zero learnings recorded — a full bug sweep produced briefs and no captured knowledge,DIFFERENT
1324,1701,project:lifeos,0.1935,"Thirteen lifeOS briefs (BR-024..BR-036) were all filed together 110 days ago and none has moved — the whole QA sweep is unprocessed, not thirteen independent stalls",Nine of lifeOS's fourteen open briefs are P1-High and all sit at 132 days — the priority field carries no ordering information,DIFFERENT
1325,1356,project:fifty_eco_system,0.1935,"Two project slugs differ only by separator — fifty_eco_system (34 open briefs) vs fifty-eco-system (7 learnings, 0 briefs) — so briefs and learnings for one codebase are split across two brain projects",fifty_eco_system holds 34 open briefs and 0 learnings with no recorded activity — decide archive-vs-revive as one call instead of 34,DIFFERENT
1393,1884,project:fifty_eco_system,0.1935,"fifty_eco_system has 34 open briefs (7 at P1-High) with 170 days of no activity — decide whether to archive the project or re-commit to it, rather than re-triaging briefs one by one","Three fifty_eco_system tech-debt briefs (TD-004, TD-006, TD-007) are 'In Progress' with 191 days of no activity — 'In Progress' has stopped meaning anything and should be reset to Ready or archived",DIFFERENT
1401,1427,project:igris-ai,0.1935,"igris-ai FR-054 has sat in status ""Split (see FR-061, FR-062, FR-063)"" for 173 days — a split parent should be closed, and none of its three children appear anywhere in the digest","FR-054 is still counted as an open brief 174 days after being split into FR-061/062/063 — 'Split (see ...)' is not a terminal status, so the parent never closes",SAME
1485,1495,project:lifeos,0.1935,BR-023 is the only P0-Critical brief anywhere in the digest and it has sat In Progress for 118 days with no lifeOS activity recorded at all,lifeOS has 14 open briefs including a P0 accessibility regression but zero learnings and no recorded activity — the brain is capturing nothing from this project,DIFFERENT
1501,1694,project:fifty_eco_system,0.1935,"BR-128 is listed among open briefs with status 'Done(Resolvedbydec8d1f)' — a resolved brief leaking into the open set, and the mangled spacing suggests a status-parsing defect",BR-128 shows status 'Done(Resolvedbydec8d1f)' — whitespace-stripped status strings will not match any status filter and corrupt open-brief counts,SAME
1531,1703,brief:br-001,0.1935,"Five separate active projects track the same Hadir/attendance product (hadir, hadir-system, fya-hadir-app, moca-hadir-app, attendance_app) — consolidate or explicitly document the split","Three overlapping Hadir project slugs (hadir, hadir-system, fya-hadir-app) split 5 open briefs and 16 learnings across what may be one product",SAME
1537,1633,project:fifty_eco_system,0.1935,All 27 'Done with unchecked acceptance criteria' suggestions predate the closing-commit gate — verify the gate covers this project rather than triaging the 27 legacy briefs one by one,"27 fifty_eco_system briefs were closed with unchecked acceptance criteria — treat as one process failure, not 27 separate reviews",SAME
1589,1630,brief:br-001,0.1935,Brief IDs collide across projects (BR-001 open in hadir-system and attendance_app; BR-027/BR-028 in both hadir and lifeOS) — any cross-project reference or suggestion citing a bare id is ambiguous,"The stalled-brief detector only fires for fifty_eco_system and attendance_app, missing 14 lifeOS and 4 hadir/hadir-system briefs idle 118-167 days",DIFFERENT
1613,1633,project:fifty_eco_system,0.1935,"27 briefs are Done with unchecked acceptance criteria while learning 1368 reports the AC-parser fails open on heading variants — the backlog may be a parser artifact, not 27 real gaps","27 fifty_eco_system briefs were closed with unchecked acceptance criteria — treat as one process failure, not 27 separate reviews",SAME
1801,1809,global,0.1935,"44 of the 60 open suggestions are low-value edge_inference rows — the operator's review queue is 73% noise, which will bury the 16 substantive findings",44 of the 60 queued suggestions are auto-generated single-edge inferences — the edge_inference module is drowning the review queue and should batch or auto-apply below a threshold,SAME
1273,1483,project:fifty_eco_system,0.1923,BR-128 is still listed as an open brief despite status 'Done (Resolved by dec8d1f)' — a resolved brief is leaking into the open set,"BR-128 is marked Done (resolved by dec8d1f) yet still appears in open_briefs — the closure did not propagate, which is exactly the failure learning 1316 describes",SAME
1274,1479,project:igris-ai,0.1923,"FR-054's status is the free-text 'Split (see FR-061, FR-062, FR-063)' — a split brief has no terminal state, so it counts as open forever","FR-054 has sat in a non-standard 'Split (see FR-061, FR-062, FR-063)' status for 175 days — none of its three children appear in the digest, so the split may be untracked",SAME
1274,1658,project:igris-ai,0.1923,"FR-054's status is the free-text 'Split (see FR-061, FR-062, FR-063)' — a split brief has no terminal state, so it counts as open forever","FR-054 is still counted open with status 'Split (see FR-061, FR-062, FR-063)' — a split parent should be closed, and none of its three children appear in the digest",SAME
1276,1297,global,0.1923,"Seven projects carry 100+ open briefs between them but zero learnings — fifty_eco_system (34), lifeOS (14), attendance_app (4) never ran /harvest",Learning capture is concentrated in igris-ai/mbrgea-ai while 8 active projects with open briefs have recorded zero learnings,SAME
1289,1630,brief:br-001,0.1923,"BR-001 exists as a distinct brief in three projects (hadir-system, attendance_app, fifty_eco_system) — cross-project brief references are ambiguous","The stalled-brief detector only fires for fifty_eco_system and attendance_app, missing 14 lifeOS and 4 hadir/hadir-system briefs idle 118-167 days",DIFFERENT
1291,1454,project:lifeos,0.1923,lifeOS has 14 open briefs including a P0-Critical a11y regression but zero learnings and no recorded activity — work is being briefed but nothing is being harvested,BR-023 is a P0-Critical accessibility regression sitting In Progress for 117 days with no learnings ever recorded for lifeOS,DIFFERENT
1304,1427,project:igris-ai,0.1923,"FR-054 sits in a non-canonical status 'Split (see FR-061, FR-062, FR-063)' that the new status vocabulary normalization does not cover","FR-054 is still counted as an open brief 174 days after being split into FR-061/062/063 — 'Split (see ...)' is not a terminal status, so the parent never closes",SAME
1306,1473,project:lifeos,0.1923,BR-023 is the only P0-Critical brief in the brain and has sat In Progress for 108 days with no activity,lifeOS has 14 briefs untouched for ~119 days — including a P0-Critical a11y regression (BR-023) — yet no stall suggestion has ever been raised for the project,DIFFERENT
1306,1595,project:lifeos,0.1923,BR-023 is the only P0-Critical brief in the brain and has sat In Progress for 108 days with no activity,lifeOS has 14 open briefs untouched for ~124 days — including a P0-Critical a11y regression (BR-023) — yet zero of them appear in the stalled queue,DIFFERENT
1309,1632,project:fifty_eco_system,0.1923,BR-128 status is the unparsed string 'Done(Resolvedbydec8d1f)' yet the brief still counts as open — status parsing is dropping whitespace and swallowing the Done state,BR-128 is listed among open briefs despite status 'Done(Resolvedbydec8d1f)' — the status parser is not recognising the resolution suffix,SAME
1316,1631,project:igris-ai,0.1923,"FR-054 carries the non-vocabulary status 'Split (see FR-061, FR-062, FR-063)' and is still counted open — its children aren't in the digest to confirm the split landed","FR-054 has been parked in a non-standard 'Split (see FR-061, FR-062, FR-063)' status for 183 days and should be closed out",SAME
1316,1669,project:igris-ai,0.1923,"FR-054 carries the non-vocabulary status 'Split (see FR-061, FR-062, FR-063)' and is still counted open — its children aren't in the digest to confirm the split landed","FR-054 has been sitting in the non-terminal status 'Split (see FR-061, FR-062, FR-063)' for 183 days — close it or restore it to a real status",SAME
1316,1693,project:igris-ai,0.1923,"FR-054 carries the non-vocabulary status 'Split (see FR-061, FR-062, FR-063)' and is still counted open — its children aren't in the digest to confirm the split landed","igris-ai FR-054 is still listed open at status 'Split (see FR-061, FR-062, FR-063)' — a split parent should be closed, not left as a P1-High open brief",SAME
1334,1673,project:igris-ai,0.1923,"FR-054 sits open with status 'Split (see FR-061, FR-062, FR-063)' — a resolved parent still counted as an open P1 brief because 'Split' is not a terminal status in the vocabulary","FR-054 has sat open in status 'Split (see FR-061, FR-062, FR-063)' for 187 days — a split parent should be closed once its children exist",SAME
1364,1493,project:igris-ai,0.1923,FR-054 still counts as open at P1-High while its status says it was split into FR-061/062/063 — the parent should be closed or the children linked,"FR-054 is still counted as open despite status 'Split (see FR-061, FR-062, FR-063)' — close it so the successors are the only live records",SAME
1364,1591,project:igris-ai,0.1923,FR-054 still counts as open at P1-High while its status says it was split into FR-061/062/063 — the parent should be closed or the children linked,"FR-054 is marked 'Split (see FR-061, FR-062, FR-063)' but still counts as an open P1 brief after 181 days — split parents should be terminal, not open",SAME
1380,1576,project:fifty_eco_system,0.1923,"BR-128 is recorded as ""Done(Resolvedbydec8d1f)"" yet still counts as an open brief — the status string is malformed and not matching the Done state",BR-128's status is the malformed literal 'Done(Resolvedbydec8d1f)' — whitespace-stripped text in a status field means status parsing/writing is lossy somewhere,SAME
1418,1674,project:lifeos,0.1923,BR-023 is the only P0-Critical brief in the whole digest and it has sat In Progress for 116 days with no stalled-suggestion ever raised for it,lifeOS has 14 briefs including a P0-Critical accessibility regression (BR-023) untouched for 129 days and no recorded project activity,DIFFERENT
1420,1576,project:fifty_eco_system,0.1923,BR-128 is recorded as 'Done(Resolvedbydec8d1f)' yet still appears in the open-brief set — a malformed status string is keeping resolved work open,BR-128's status is the malformed literal 'Done(Resolvedbydec8d1f)' — whitespace-stripped text in a status field means status parsing/writing is lossy somewhere,SAME
1444,1591,project:igris-ai,0.1923,"FR-054 sits in the non-canonical status 'Split (see FR-061, FR-062, FR-063)' and still counts as an open P1 — close it now that a status-vocabulary gate exists","FR-054 is marked 'Split (see FR-061, FR-062, FR-063)' but still counts as an open P1 brief after 181 days — split parents should be terminal, not open",SAME
1444,1631,project:igris-ai,0.1923,"FR-054 sits in the non-canonical status 'Split (see FR-061, FR-062, FR-063)' and still counts as an open P1 — close it now that a status-vocabulary gate exists","FR-054 has been parked in a non-standard 'Split (see FR-061, FR-062, FR-063)' status for 183 days and should be closed out",SAME
1444,1693,project:igris-ai,0.1923,"FR-054 sits in the non-canonical status 'Split (see FR-061, FR-062, FR-063)' and still counts as an open P1 — close it now that a status-vocabulary gate exists","igris-ai FR-054 is still listed open at status 'Split (see FR-061, FR-062, FR-063)' — a split parent should be closed, not left as a P1-High open brief",SAME
1456,1693,project:igris-ai,0.1923,FR-054 is still counted as an open brief although its status says it was split into FR-061/062/063 — close it so the open count stops double-counting,"igris-ai FR-054 is still listed open at status 'Split (see FR-061, FR-062, FR-063)' — a split parent should be closed, not left as a P1-High open brief",SAME
1457,1541,project:fifty_eco_system,0.1923,BR-128 is listed among open briefs while its status reads 'Done (Resolved by dec8d1f)' — the status string was never normalised to a closed state,BR-128 shows status 'Done(Resolvedbydec8d1f)' in the open-brief list — a resolved brief whose malformed status keeps it counted as open,SAME
1484,1493,project:igris-ai,0.1923,"FR-054 has status 'Split (see FR-061, FR-062, FR-063)' but is still open and P1 after 176 days — a split parent should be closed once its children exist","FR-054 is still counted as open despite status 'Split (see FR-061, FR-062, FR-063)' — close it so the successors are the only live records",SAME
1484,1669,project:igris-ai,0.1923,"FR-054 has status 'Split (see FR-061, FR-062, FR-063)' but is still open and P1 after 176 days — a split parent should be closed once its children exist","FR-054 has been sitting in the non-terminal status 'Split (see FR-061, FR-062, FR-063)' for 183 days — close it or restore it to a real status",SAME
1562,1632,project:fifty_eco_system,0.1923,BR-128 is recorded as Done (resolved by dec8d1f) yet still counts as an open brief in the digest — closed briefs are not leaving the open set,BR-128 is listed among open briefs despite status 'Done(Resolvedbydec8d1f)' — the status parser is not recognising the resolution suffix,SAME
1600,1688,project:lifeos,0.1923,"lifeOS BR-023 is P0-Critical and has sat In Progress for 123 days, with 13 more P1/P2 briefs behind it and no alert in the queue","14 lifeOS briefs (BR-023 to BR-036) all froze at 130-131 days — a whole QA sweep was filed and never worked, and the stalled detector never flagged it",EXCLUDED
1601,1669,project:igris-ai,0.1923,FR-054 is still counted open although its status says it was split into FR-061/062/063 — close it so the open-brief count reflects real work,"FR-054 has been sitting in the non-terminal status 'Split (see FR-061, FR-062, FR-063)' for 183 days — close it or restore it to a real status",SAME
1601,1693,project:igris-ai,0.1923,FR-054 is still counted open although its status says it was split into FR-061/062/063 — close it so the open-brief count reflects real work,"igris-ai FR-054 is still listed open at status 'Split (see FR-061, FR-062, FR-063)' — a split parent should be closed, not left as a P1-High open brief",SAME
1632,1694,project:fifty_eco_system,0.1923,BR-128 is listed among open briefs despite status 'Done(Resolvedbydec8d1f)' — the status parser is not recognising the resolution suffix,BR-128 shows status 'Done(Resolvedbydec8d1f)' — whitespace-stripped status strings will not match any status filter and corrupt open-brief counts,SAME
1458,1543,project:igris-ai,0.1915,Six-plus recent learnings all restate one defect class — partial claim sweeps and checks that report success without checking — and should be promoted into a coding_guidelines rule instead of accumulating as memory,"Six recent learnings all describe the same partial-sweep defect — the 'correct one occurrence, miss its siblings' class is now the most frequent failure and warrants a standing check rather than another learning",EXCLUDED
1381,1519,learning:1248,0.1905,"""A check that reports success without having checked"" is now recorded independently in three projects (igris-ai, mbrgea-ai, moca-ai-agent) — it is a cross-project standard candidate, not three local lessons","""A check that reports success without having checked"" is already named as a recurring class (1248) and has since recurred at least four more times — the verification-honesty rule is not being enforced anywhere",SAME
1407,1438,project:mbrgea-ai,0.1905,"Partial-sweep corrections keep recurring in mbrgea-ai/igris-ai — five learnings now describe the same 'fixed the source, missed the siblings' failure and it is still being rediscovered, not prevented",Partial-sweep corrections are mbrgea-ai's self-declared most frequent defect and igris-ai keeps re-learning the same lesson — promote one sweep rule into project guidelines instead of logging a sixth learning,SAME
1442,1556,global,0.1905,The open-suggestion queue is 96% one project — 27 near-identical 'stalled 68 days' items plus 27 'Done but unchecked AC' items all from fifty_eco_system are drowning out every other signal,"The stalled + gap modules emit one suggestion per brief, so 69 of 69 open suggestions are two mechanical checks over a single dormant project — collapse them to per-project rollups before the queue becomes unreadable",SAME
1442,1656,global,0.1905,The open-suggestion queue is 96% one project — 27 near-identical 'stalled 68 days' items plus 27 'Done but unchecked AC' items all from fifty_eco_system are drowning out every other signal,The suggestion queue is 69 items of which ~57 are mechanical stalled/gap rows from a single dormant project — add a per-project cap or dormancy filter to the stalled and gap modules before they drown real findings,SAME
1447,1476,project:igris-ai,0.1905,Six recent learnings restate one rule — 'a partial sweep of a claim class is the recurring defect' — and should be consolidated into a single canonical entry or promoted to a project doc,Six recent learnings restate the same root cause — a check or edit that reports success without verifying — and it is already named as a recurring class; promote it to an enforced gate rather than logging it again,DIFFERENT
1553,1660,project:lifeos,0.1905,"lifeOS carries 14 open briefs including a P0 accessibility regression and eight P1 bugs, but has zero learnings and no recorded activity — the project is accumulating defects with no knowledge capture at all","Four active projects carry 19 open briefs between them and zero learnings — nothing from lifeOS, attendance_app, hadir-system or moca-hr-agent has ever been harvested into the brain",DIFFERENT
1579,1627,global,0.1905,"The four projects with the most open briefs outside igris-ai/mbrgea-ai (fifty-dev 61, lifeOS 14, hero-lab 18, attendance_app 4) have captured almost no learnings — knowledge is only being harvested where the operator already lives",Learnings are concentrated in three projects while eight active projects with open briefs have recorded none — the harvest habit is not running outside the top repos,SAME
1271,1514,project:fifty_eco_system,0.1892,60 of 68 open suggestions are mechanical stalled/gap rows for one dormant project — the review queue is unusable until they are batch-resolved,"fifty_eco_system holds 34 open briefs but has had zero activity for 174 days — decide whether to archive the project or resume it, rather than triaging 30 stalled-brief suggestions one at a time",DIFFERENT
1271,1561,project:fifty_eco_system,0.1892,60 of 68 open suggestions are mechanical stalled/gap rows for one dormant project — the review queue is unusable until they are batch-resolved,"27 briefs are marked Done with unchecked acceptance criteria in one project, and a sibling learning shows the AC parser fails open — the gap suggestions may be a parser artifact, not 27 real gaps",DIFFERENT
1271,1655,project:fifty_eco_system,0.1892,60 of 68 open suggestions are mechanical stalled/gap rows for one dormant project — the review queue is unusable until they are batch-resolved,"fifty_eco_system holds 34 open briefs but has had zero activity for 180 days — decide whether to archive the project or re-scope it, rather than triaging 30 stalled-brief suggestions one at a time",DIFFERENT
1291,1826,project:lifeos,0.1892,lifeOS has 14 open briefs including a P0-Critical a11y regression but zero learnings and no recorded activity — work is being briefed but nothing is being harvested,"lifeOS BR-023 (P0-Critical a11y regression) is the root cause of at least three other open lifeOS briefs (BR-030, BR-031, BR-035) — they are one accessibility-tree defect filed as four, and fixing BR-023 likely closes the rest",DIFFERENT
1300,1596,brief:br-024,0.1892,"The stalled detector has flagged only fifty_eco_system and attendance_app, missing 14 lifeOS and 4 hadir/hadir-system briefs idle 105–148 days","Four active projects with open briefs (lifeOS 14, attendance_app 4, hadir-system 1, moca-hr-agent 1) have zero learnings and null activity — work is either happening outside the brain or these are dead entries",DIFFERENT
1313,1821,project:fifty_eco_system,0.1892,"34 open briefs in fifty_eco_system have all sat untouched for 167 days — the project looks abandoned, not backlogged; decide to archive or re-activate it wholesale","fifty_eco_system has 33 open briefs but only 7 learnings in 187 days — the project consumes brief-writing effort and returns almost no knowledge, which is the strongest single argument for archiving it outright",SAME
1318,1577,project:fifty_eco_system,0.1892,"27 briefs are Done with unchecked acceptance criteria, but a commit gate now refuses exactly this — decide whether the historical backlog gets audited or grandfathered","27 queued 'Done but unchecked acceptance criteria' suggestions all land on one project — learning 1368 says the AC parser fails open on heading variants, so investigate the parser instead of the 27 briefs",SAME
1327,1670,project:fifty_eco_system,0.1892,"fifty_eco_system holds 34 open briefs (4 of them P1-High) frozen at 167/147 days with 0 learnings — it looks abandoned rather than paused, and no brief records that decision","fifty_eco_system holds 34 open briefs but has had zero activity for 184 days — decide whether to revive, descope, or archive the whole project rather than triaging 30 stalled briefs one by one",SAME
1330,1680,project:fifty_eco_system,0.1892,"Two project slugs for the same codebase — 'fifty_eco_system' (34 open briefs, 0 learnings) and 'fifty-eco-system' (0 briefs, 7 learnings) — the brief and learning layers are split across a naming variant","27 fifty_eco_system briefs are Done with unchecked acceptance criteria — the same failure mode learning 1368 measured in mbrgea-ai (a fail-open AC parser), so check the parser before re-auditing the briefs",DIFFERENT
1340,1342,project:fifty_eco_system,0.1892,"Two project slugs for the same codebase — 'fifty_eco_system' (34 open briefs, 0 learnings) and 'fifty-eco-system' (0 open briefs, 7 learnings) — briefs and knowledge are split across a hyphen/underscore variant","All 34 fifty_eco_system briefs froze on the same two dates (169d / 148d ago) with zero learnings recorded — this reads as an abandoned project, not 34 independent stalls",DIFFERENT
1359,1446,project:lifeos,0.1892,All 14 lifeOS briefs were filed in one 112-day-old sweep and none has moved — an audit was run and its output never entered the work loop,lifeOS has 14 open briefs including a P0 accessibility regression but zero recorded learnings and no activity timestamp — the project is producing work the brain never captures,DIFFERENT
1377,1452,project:fifty_eco_system,0.1892,"Two project slugs exist for the same codebase — fifty_eco_system (34 open briefs, 0 learnings) and fifty-eco-system (0 briefs, 7 learnings); briefs and knowledge are split across them","fifty_eco_system has 34 open briefs and zero activity for 172 days — decide whether to archive the project or schedule a deliberate revival, rather than triaging 30 individual stall alerts",DIFFERENT
1378,1472,project:fifty_eco_system,0.1892,"All 34 fifty_eco_system briefs share days_since_update 170 and the project has null activity — the backlog looks abandoned, not stalled; consider a bulk triage-or-archive pass rather than 30 more per-brief stall alerts",fifty_eco_system has 34 open briefs but zero activity in 172 days — decide whether to archive the project or schedule a deliberate revival,SAME
1410,1486,global,0.1892,Four active projects hold 21 open briefs between them but have never recorded a single learning — work is going in without knowledge coming out,"Four active projects with open briefs (lifeOS 14, attendance_app 4, hadir-system 1, moca-hr-agent 1) have zero learnings and null activity — work there is not reaching the brain",SAME
1415,1516,global,0.1892,69 open suggestions are all from two mechanical modules (stalled/gap) and 62 concern one dormant project — the review queue is drowning its own signal,"The stalled and gap suggestion modules have produced 60 queued items covering only 2 projects — lifeOS (14 open briefs, 120 days cold) and hadir (2 briefs, 133+ days) are invisible to them",DIFFERENT
1417,1660,project:lifeos,0.1892,lifeOS has 14 open briefs including a P0 accessibility regression but zero learnings recorded — a full bug sweep produced briefs and no captured knowledge,"Four active projects carry 19 open briefs between them and zero learnings — nothing from lifeOS, attendance_app, hadir-system or moca-hr-agent has ever been harvested into the brain",DIFFERENT
1421,1459,project:mbrgea-ai,0.1892,Five recent mbrgea-ai learnings independently describe the same defect class — verifications that pass without having verified — and should be promoted into a test-standards doc,"mbrgea-ai learning 1246 names partial claim sweeps as its most frequent defect — the same class igris-ai learned independently, so the rule should be lifted to a global standard",DIFFERENT
1424,1577,project:fifty_eco_system,0.1892,"fifty_eco_system has 34 open briefs but no activity for 171 days — decide whether to archive the project or re-commit to it, rather than triaging 30+ stalled-brief suggestions one at a time","27 queued 'Done but unchecked acceptance criteria' suggestions all land on one project — learning 1368 says the AC parser fails open on heading variants, so investigate the parser instead of the 27 briefs",DIFFERENT
1499,1605,global,0.1892,The suggestion queue is 69 items of which ~60 are single-project 'stalled'/'gap' rows — the stalled and gap modules need per-project aggregation or a dormancy suppression before they drown out anything else,29 of the 33 queued 'stalled' suggestions are the same finding about one dormant project — the stalled module needs per-project aggregation before it buries higher-signal findings,SAME
1516,1620,global,0.1892,"The stalled and gap suggestion modules have produced 60 queued items covering only 2 projects — lifeOS (14 open briefs, 120 days cold) and hadir (2 briefs, 133+ days) are invisible to them","The suggestion queue is 69 items and ~97% is two mechanical modules (stalled, gap) firing on one dormant project — add a per-project cap or dormancy filter before the queue becomes unreadable",DIFFERENT
1516,1671,global,0.1892,"The stalled and gap suggestion modules have produced 60 queued items covering only 2 projects — lifeOS (14 open briefs, 120 days cold) and hadir (2 briefs, 133+ days) are invisible to them","The stalled + gap modules have queued ~60 near-identical suggestions, 55 of them for one dormant project — add per-project rollup/caps so the review queue stays readable",DIFFERENT
1537,1613,project:fifty_eco_system,0.1892,All 27 'Done with unchecked acceptance criteria' suggestions predate the closing-commit gate — verify the gate covers this project rather than triaging the 27 legacy briefs one by one,"27 briefs are Done with unchecked acceptance criteria while learning 1368 reports the AC-parser fails open on heading variants — the backlog may be a parser artifact, not 27 real gaps",SAME
1561,1606,project:fifty_eco_system,0.1892,"27 briefs are marked Done with unchecked acceptance criteria in one project, and a sibling learning shows the AC parser fails open — the gap suggestions may be a parser artifact, not 27 real gaps",27 briefs closed as Done with unticked acceptance criteria predate the new closing-commit gate — confirm the gate is active for this project or backfill the criteria,SAME
1578,1661,global,0.1892,"Four near-duplicate Hadir projects (hadir, hadir-system, fya-hadir-app, moca-hadir-app) each carry open briefs — likely one product split across four brain slices",Three near-identical hadir slugs and four moca slugs are tracked as separate projects — likely the same directory-to-project confusion the recent brain fixes were written for,SAME
1578,1698,global,0.1892,"Four near-duplicate Hadir projects (hadir, hadir-system, fya-hadir-app, moca-hadir-app) each carry open briefs — likely one product split across four brain slices","Four projects with open briefs (lifeOS 14, attendance_app 4, hadir-system 1, moca-hr-agent 1) have zero learnings and null activity — work is being briefed but never executed or never harvested",DIFFERENT
1595,1660,project:lifeos,0.1892,lifeOS has 14 open briefs untouched for ~124 days — including a P0-Critical a11y regression (BR-023) — yet zero of them appear in the stalled queue,"Four active projects carry 19 open briefs between them and zero learnings — nothing from lifeOS, attendance_app, hadir-system or moca-hr-agent has ever been harvested into the brain",DIFFERENT
1654,1692,brief:br-002,0.1892,Four separate Hadir/attendance projects hold overlapping open briefs on the same MOCA rebrand — confirm they are distinct products before more parallel UI work,"Four active projects carry 53 open briefs between them and zero recorded learnings — attendance_app, lifeOS, hadir-system, and moca-hr-agent are producing no institutional memory",DIFFERENT
1679,1815,global,0.1892,"The stalled/gap modules emit one suggestion per brief — 69 queued items are ~3 findings, and the queue will drown any new signal until they are collapsed",44 of the 60 open suggestions are auto-generated edge_inference rows (ids 1712-1755) — they drown the 16 substantive findings and should be batch-applied or routed out of the operator queue,DIFFERENT
1681,1826,project:lifeos,0.1892,"lifeOS has 14 open briefs including a P0-Critical a11y regression untouched for 129 days, zero captured learnings, and no recorded activity — it is running dark","lifeOS BR-023 (P0-Critical a11y regression) is the root cause of at least three other open lifeOS briefs (BR-030, BR-031, BR-035) — they are one accessibility-tree defect filed as four, and fixing BR-023 likely closes the rest",DIFFERENT
1696,1821,project:fifty_eco_system,0.1892,fifty_eco_system holds 33 open briefs with zero activity for 185 days — the whole backlog is stale and needs a bulk triage or archive decision,"fifty_eco_system has 33 open briefs but only 7 learnings in 187 days — the project consumes brief-writing effort and returns almost no knowledge, which is the strongest single argument for archiving it outright",SAME
1272,1296,project:fifty_eco_system,0.1875,All 34 fifty_eco_system briefs are 143-163 days untouched with no project activity — archive or park the project rather than letting it generate suggestions forever,fifty_eco_system's entire 34-brief backlog is uniformly 143–163 days stale with zero commits — decide bulk-archive vs. revival rather than triaging 30 stall alerts individually,SAME
1272,1327,project:fifty_eco_system,0.1875,All 34 fifty_eco_system briefs are 143-163 days untouched with no project activity — archive or park the project rather than letting it generate suggestions forever,"fifty_eco_system holds 34 open briefs (4 of them P1-High) frozen at 167/147 days with 0 learnings — it looks abandoned rather than paused, and no brief records that decision",SAME
1291,1343,project:lifeos,0.1875,lifeOS has 14 open briefs including a P0-Critical a11y regression but zero learnings and no recorded activity — work is being briefed but nothing is being harvested,"lifeOS has a P0-Critical a11y regression (BR-023) stalled 110 days behind 13 other briefs, 7 of which are also P1-High — the priority field has stopped discriminating",DIFFERENT
1292,1526,project:fifty_eco_system,0.1875,"27 'Done but unchecked acceptance criteria' suggestions all land on fifty_eco_system — treat as one process defect (bulk AC audit), not 27 individual reviews","27 briefs are marked Done with unchecked acceptance criteria — this is a systematic closing-ritual defect, not 27 independent oversights; fix the Done gate instead of the briefs",SAME
1292,1567,project:fifty_eco_system,0.1875,"27 'Done but unchecked acceptance criteria' suggestions all land on fifty_eco_system — treat as one process defect (bulk AC audit), not 27 individual reviews","27 fifty_eco_system briefs were marked Done with unchecked acceptance criteria — the closing ritual does not enforce the AC gate, so 'Done' carries no verification signal here",SAME
1295,1467,project:fifty_eco_system,0.1875,BR-128's status is the unparsed string 'Done(Resolvedbydec8d1f)' — a done brief is leaking into the open-briefs list via a status field that lost its whitespace,BR-128 is marked 'Done (Resolved by dec8d1f)' yet still appears in the open-brief set — a status-parsing or close-sweep gap that inflates every open-brief count,SAME
1296,1686,project:fifty_eco_system,0.1875,fifty_eco_system's entire 34-brief backlog is uniformly 143–163 days stale with zero commits — decide bulk-archive vs. revival rather than triaging 30 stall alerts individually,fifty_eco_system has 34 open briefs but zero activity for 185 days — decide whether to archive the project or schedule a deliberate revival sprint,SAME
1299,1557,project:lifeos,0.1875,"BR-023 is the only P0-Critical brief in the brain, has sat In Progress for 105 days, and no stalled suggestion covers it","lifeOS carries 14 open briefs including a P0 accessibility regression (BR-023) and 7 P1 bugs, all untouched for ~123 days, yet the project has produced zero learnings and no suggestion has ever been raised for it",EXCLUDED
1321,1496,project:igris-ai,0.1875,"Partial-sweep mistakes keep recurring (learnings 1131, 1182, 1202, 1220) — the lesson is captured repeatedly but never promoted into a standing guideline",Partial-sweep and false-success defects keep recurring across igris-ai and mbrgea-ai — consider promoting the sweep discipline into a coding-guidelines rule instead of another learning,EXCLUDED
1324,1465,project:lifeos,0.1875,"Thirteen lifeOS briefs (BR-024..BR-036) were all filed together 110 days ago and none has moved — the whole QA sweep is unprocessed, not thirteen independent stalls",All 14 lifeOS briefs date to a single 117–118 day old QA sweep and the project reports no activity since — the sweep produced briefs but never produced work,SAME
1377,1431,project:fifty_eco_system,0.1875,"Two project slugs exist for the same codebase — fifty_eco_system (34 open briefs, 0 learnings) and fifty-eco-system (0 briefs, 7 learnings); briefs and knowledge are split across them",fifty_eco_system has 34 open briefs but zero activity for 171 days — decide whether to archive the project or pick a single P1 to restart it,DIFFERENT
1377,1604,project:fifty_eco_system,0.1875,"Two project slugs exist for the same codebase — fifty_eco_system (34 open briefs, 0 learnings) and fifty-eco-system (0 briefs, 7 learnings); briefs and knowledge are split across them",fifty_eco_system has 34 open briefs but zero activity for 178 days — decide whether to archive the project or schedule a triage sweep,DIFFERENT
1377,1628,project:fifty_eco_system,0.1875,"Two project slugs exist for the same codebase — fifty_eco_system (34 open briefs, 0 learnings) and fifty-eco-system (0 briefs, 7 learnings); briefs and knowledge are split across them",fifty_eco_system has 34 open briefs but zero activity for 180 days — decide whether to archive the project or schedule a revival sprint,DIFFERENT
1377,1648,project:fifty_eco_system,0.1875,"Two project slugs exist for the same codebase — fifty_eco_system (34 open briefs, 0 learnings) and fifty-eco-system (0 briefs, 7 learnings); briefs and knowledge are split across them",fifty_eco_system has 34 open briefs but zero activity for 180 days — decide whether to archive the project or schedule a deliberate revival,DIFFERENT
1379,1417,project:lifeos,0.1875,"BR-023 is the only P0-Critical brief in the whole brain, In Progress and untouched for 112 days, with 13 more P1/P2 lifeOS briefs behind it and zero recorded learnings for the project",lifeOS has 14 open briefs including a P0 accessibility regression but zero learnings recorded — a full bug sweep produced briefs and no captured knowledge,DIFFERENT
1394,1432,global,0.1875,"69 open suggestions, 56 of them mechanical stalled/gap rows for a single dormant project — the review queue needs per-project caps or grouping before any new signal can be seen",Suggestion queue is 96% one project — cap per-project stalled/gap suggestions so real cross-project findings aren't buried,SAME
1405,1417,project:lifeos,0.1875,"lifeOS accumulated 14 briefs (7 of them P1-High) in a single 117-day-old QA sweep and none has moved since — the sweep produced a backlog, not a fix cycle",lifeOS has 14 open briefs including a P0 accessibility regression but zero learnings recorded — a full bug sweep produced briefs and no captured knowledge,DIFFERENT
1425,1701,project:lifeos,0.1875,BR-023 is the only P0-Critical brief in the digest and has sat In Progress for 116 days with no owner activity — lifeOS shows 14 open briefs and zero recorded learnings,Nine of lifeOS's fourteen open briefs are P1-High and all sit at 132 days — the priority field carries no ordering information,DIFFERENT
1432,1499,global,0.1875,Suggestion queue is 96% one project — cap per-project stalled/gap suggestions so real cross-project findings aren't buried,The suggestion queue is 69 items of which ~60 are single-project 'stalled'/'gap' rows — the stalled and gap modules need per-project aggregation or a dormancy suppression before they drown out anything else,SAME
1432,1612,global,0.1875,Suggestion queue is 96% one project — cap per-project stalled/gap suggestions so real cross-project findings aren't buried,The stalled/gap modules have queued ~60 near-identical suggestions for a single dormant project — add per-project rollup or a dormancy suppression rule before the review queue becomes unreadable,SAME
1442,1453,global,0.1875,The open-suggestion queue is 96% one project — 27 near-identical 'stalled 68 days' items plus 27 'Done but unchecked AC' items all from fifty_eco_system are drowning out every other signal,The suggestion queue is ~90% one project's stall/gap alerts — cap per-project suggestions or the reviewable signal is buried,SAME
1446,1485,project:lifeos,0.1875,lifeOS has 14 open briefs including a P0 accessibility regression but zero recorded learnings and no activity timestamp — the project is producing work the brain never captures,BR-023 is the only P0-Critical brief anywhere in the digest and it has sat In Progress for 118 days with no lifeOS activity recorded at all,DIFFERENT
1452,1804,project:fifty_eco_system,0.1875,"fifty_eco_system has 34 open briefs and zero activity for 172 days — decide whether to archive the project or schedule a deliberate revival, rather than triaging 30 individual stall alerts",Five fifty_eco_system briefs sit in 'In Progress' with 190 days of zero project activity — 'In Progress' no longer means anyone is working on them,DIFFERENT
1453,1499,global,0.1875,The suggestion queue is ~90% one project's stall/gap alerts — cap per-project suggestions or the reviewable signal is buried,The suggestion queue is 69 items of which ~60 are single-project 'stalled'/'gap' rows — the stalled and gap modules need per-project aggregation or a dormancy suppression before they drown out anything else,SAME
1453,1612,global,0.1875,The suggestion queue is ~90% one project's stall/gap alerts — cap per-project suggestions or the reviewable signal is buried,The stalled/gap modules have queued ~60 near-identical suggestions for a single dormant project — add per-project rollup or a dormancy suppression rule before the review queue becomes unreadable,SAME
1457,1467,project:fifty_eco_system,0.1875,BR-128 is listed among open briefs while its status reads 'Done (Resolved by dec8d1f)' — the status string was never normalised to a closed state,BR-128 is marked 'Done (Resolved by dec8d1f)' yet still appears in the open-brief set — a status-parsing or close-sweep gap that inflates every open-brief count,SAME
1497,1705,brief:br-027,0.1875,"BR-001/BR-027/BR-028 recur across hadir, hadir-system, attendance_app and fifty_eco_system with overlapping Moca/Hadir UI scope — check whether these are the same work tracked in four projects","Brief ids collide across projects — BR-001 exists in both hadir-system and attendance_app, and BR-027/BR-028 exist in both hadir and lifeOS, so any id-only reference is ambiguous",EXCLUDED
1498,1804,project:fifty_eco_system,0.1875,"fifty_eco_system holds 34 open briefs but has seen zero activity for 173 days — decide whether to archive the project or re-commit to it, rather than triaging 30 stalled briefs one at a time",Five fifty_eco_system briefs sit in 'In Progress' with 190 days of zero project activity — 'In Progress' no longer means anyone is working on them,DIFFERENT
1511,1674,project:lifeos,0.1875,"lifeOS filed 14 briefs on the same day 120 days ago, nine of them P1-High and one P0-Critical, and none has moved since — the priorities are not being used as a queue",lifeOS has 14 briefs including a P0-Critical accessibility regression (BR-023) untouched for 129 days and no recorded project activity,DIFFERENT
1562,1691,project:fifty_eco_system,0.1875,BR-128 is recorded as Done (resolved by dec8d1f) yet still counts as an open brief in the digest — closed briefs are not leaving the open set,"27 fifty_eco_system briefs are marked Done with unchecked acceptance criteria — the Done transition is not gated, matching the parser fail-open defect already learned in mbrgea-ai",DIFFERENT
1589,1703,brief:br-001,0.1875,Brief IDs collide across projects (BR-001 open in hadir-system and attendance_app; BR-027/BR-028 in both hadir and lifeOS) — any cross-project reference or suggestion citing a bare id is ambiguous,"Three overlapping Hadir project slugs (hadir, hadir-system, fya-hadir-app) split 5 open briefs and 16 learnings across what may be one product",DIFFERENT
1599,1884,project:fifty_eco_system,0.1875,fifty_eco_system has 34 open briefs and no activity for 178 days — decide whether to revive or shelve the project instead of triaging 30 individual stall alerts,"Three fifty_eco_system tech-debt briefs (TD-004, TD-006, TD-007) are 'In Progress' with 191 days of no activity — 'In Progress' has stopped meaning anything and should be reset to Ready or archived",DIFFERENT
1611,1804,project:fifty_eco_system,0.1875,"fifty_eco_system holds 34 open briefs but has had zero activity for 179 days — decide whether to archive the project or re-commit to it, rather than triaging its briefs one at a time",Five fifty_eco_system briefs sit in 'In Progress' with 190 days of zero project activity — 'In Progress' no longer means anyone is working on them,DIFFERENT
1696,1884,project:fifty_eco_system,0.1875,fifty_eco_system holds 33 open briefs with zero activity for 185 days — the whole backlog is stale and needs a bulk triage or archive decision,"Three fifty_eco_system tech-debt briefs (TD-004, TD-006, TD-007) are 'In Progress' with 191 days of no activity — 'In Progress' has stopped meaning anything and should be reset to Ready or archived",DIFFERENT
1333,1463,project:fifty_eco_system,0.1860,27 queued 'Done but unchecked acceptance criteria' suggestions are all pre-existing debt from before commit 03adca2 shipped the closing-commit gate — batch-reconcile them rather than triaging one by one,"fifty_eco_system holds 34 open briefs but has had zero activity for 172 days — decide whether to archive the project or re-commit to it, rather than triaging 30+ stalled-brief suggestions one by one",DIFFERENT
1333,1508,project:fifty_eco_system,0.1860,27 queued 'Done but unchecked acceptance criteria' suggestions are all pre-existing debt from before commit 03adca2 shipped the closing-commit gate — batch-reconcile them rather than triaging one by one,"27 fifty_eco_system briefs are marked Done with unchecked acceptance criteria — this is one closing-ritual defect, not 27 briefs to reopen; fix the close step or backfill the checkboxes in a single pass",SAME
1333,1678,project:fifty_eco_system,0.1860,27 queued 'Done but unchecked acceptance criteria' suggestions are all pre-existing debt from before commit 03adca2 shipped the closing-commit gate — batch-reconcile them rather than triaging one by one,"fifty_eco_system holds 34 open briefs but has had zero activity for 184 days — decide whether to archive the project or re-commit to it, rather than triaging 30 stalled-brief suggestions one by one",DIFFERENT
1421,1550,project:mbrgea-ai,0.1860,Five recent mbrgea-ai learnings independently describe the same defect class — verifications that pass without having verified — and should be promoted into a test-standards doc,"Partial-sweep corrections are this project's most frequent defect by its own accounting, and three later learnings repeat the same failure — the sweep discipline should be promoted into project guidelines rather than re-learned",DIFFERENT
1879,1887,project:igris-ai,0.1860,"Learning 1509 ('a Done brief can silently flip back to Ready with no brief event') plus the brief-disk-projection and status-sync-clobber commits suggest some of the 191-day 'Ready' fifty_eco_system briefs may be silently-reverted completed work, not real backlog","Learning 1509 documents a Done brief silently flipping back to Ready, and commit e7435d0 guards exactly that — but nothing in the digest links the fix to the learning or to a brief",DIFFERENT
901,1308,project:igris-ai,0.1852,FR-054 was split into FR-061/062/063 127 days ago but the parent brief is still open — close/archive it to stop counting a superseded parent as active work.,"FR-054 is still counted as open with status 'Split (see FR-061, FR-062, FR-063)' — a split parent should be closed, not left in the open queue",SAME
901,1493,project:igris-ai,0.1852,FR-054 was split into FR-061/062/063 127 days ago but the parent brief is still open — close/archive it to stop counting a superseded parent as active work.,"FR-054 is still counted as open despite status 'Split (see FR-061, FR-062, FR-063)' — close it so the successors are the only live records",SAME
901,1693,project:igris-ai,0.1852,FR-054 was split into FR-061/062/063 127 days ago but the parent brief is still open — close/archive it to stop counting a superseded parent as active work.,"igris-ai FR-054 is still listed open at status 'Split (see FR-061, FR-062, FR-063)' — a split parent should be closed, not left as a P1-High open brief",SAME
1273,1626,project:fifty_eco_system,0.1852,BR-128 is still listed as an open brief despite status 'Done (Resolved by dec8d1f)' — a resolved brief is leaking into the open set,"BR-128 shows status 'Done(Resolvedbydec8d1f)' — a whitespace-stripped free-text status that a Done-state parser will not match, and it is still counted as an open brief",SAME
1304,1479,project:igris-ai,0.1852,"FR-054 sits in a non-canonical status 'Split (see FR-061, FR-062, FR-063)' that the new status vocabulary normalization does not cover","FR-054 has sat in a non-standard 'Split (see FR-061, FR-062, FR-063)' status for 175 days — none of its three children appear in the digest, so the split may be untracked",SAME
1304,1568,project:igris-ai,0.1852,"FR-054 sits in a non-canonical status 'Split (see FR-061, FR-062, FR-063)' that the new status vocabulary normalization does not cover","FR-054 still sits in open_briefs with status 'Split (see FR-061, FR-062, FR-063)' after 180 days — a split parent should be closed, not left counting against open work",SAME
1316,1435,project:igris-ai,0.1852,"FR-054 carries the non-vocabulary status 'Split (see FR-061, FR-062, FR-063)' and is still counted open — its children aren't in the digest to confirm the split landed","FR-054 still counts as open with status 'Split (see FR-061, FR-062, FR-063)' — a split parent should be closed, not left In Progress for 174 days",SAME
1316,1609,project:igris-ai,0.1852,"FR-054 carries the non-vocabulary status 'Split (see FR-061, FR-062, FR-063)' and is still counted open — its children aren't in the digest to confirm the split landed","FR-054 has status 'Split (see FR-061, FR-062, FR-063)' but still counts as an open P1 brief 181 days on — split parents should close, not linger",SAME
1343,1665,project:lifeos,0.1852,"lifeOS has a P0-Critical a11y regression (BR-023) stalled 110 days behind 13 other briefs, 7 of which are also P1-High — the priority field has stopped discriminating",lifeOS BR-023 is P0-Critical and has sat In Progress for 125 days with no stalled suggestion ever raised for it,DIFFERENT
1345,1591,project:igris-ai,0.1852,"FR-054 is still open with status 'Split (see FR-061, FR-062, FR-063)' — a split parent left open counts against the backlog and none of the three children appear in the digest","FR-054 is marked 'Split (see FR-061, FR-062, FR-063)' but still counts as an open P1 brief after 181 days — split parents should be terminal, not open",SAME
1365,1651,project:fifty_eco_system,0.1852,BR-128's status is the unspaced string 'Done(Resolvedbydec8d1f)' yet it appears in the open-briefs list — status parsing is dropping whitespace and not recognising Done,"BR-128's status is the unparseable literal 'Done(Resolvedbydec8d1f)' — a resolution note collapsed into the status field, so a Done brief is still listed as open",SAME
1444,1466,project:igris-ai,0.1852,"FR-054 sits in the non-canonical status 'Split (see FR-061, FR-062, FR-063)' and still counts as an open P1 — close it now that a status-vocabulary gate exists","FR-054 is still counted as an open P1 brief despite a status of 'Split (see FR-061, FR-062, FR-063)' — a split parent should be closed, not left open for 175 days",SAME
1445,1694,project:fifty_eco_system,0.1852,BR-128 is recorded as 'Done(Resolvedbydec8d1f)' yet still appears in the open-briefs list — a resolved brief leaking into open counts,BR-128 shows status 'Done(Resolvedbydec8d1f)' — whitespace-stripped status strings will not match any status filter and corrupt open-brief counts,SAME
1454,1495,project:lifeos,0.1852,BR-023 is a P0-Critical accessibility regression sitting In Progress for 117 days with no learnings ever recorded for lifeOS,lifeOS has 14 open briefs including a P0 accessibility regression but zero learnings and no recorded activity — the brain is capturing nothing from this project,DIFFERENT
1456,1517,project:igris-ai,0.1852,FR-054 is still counted as an open brief although its status says it was split into FR-061/062/063 — close it so the open count stops double-counting,"FR-054 still counts as open with status 'Split (see FR-061, FR-062, FR-063)' — a split parent should be closed, not left occupying the P1 open list",SAME
1460,1483,project:fifty_eco_system,0.1852,"27 briefs marked Done with unchecked acceptance criteria is a process failure, not 27 findings — the Done transition is not gated on criteria","BR-128 is marked Done (resolved by dec8d1f) yet still appears in open_briefs — the closure did not propagate, which is exactly the failure learning 1316 describes",DIFFERENT
1464,1688,project:lifeos,0.1852,BR-023 is the only P0-Critical brief in the whole system and has sat In Progress for 117 days with no stalled-suggestion coverage,"14 lifeOS briefs (BR-023 to BR-036) all froze at 130-131 days — a whole QA sweep was filed and never worked, and the stalled detector never flagged it",EXCLUDED
1465,1674,project:lifeos,0.1852,All 14 lifeOS briefs date to a single 117–118 day old QA sweep and the project reports no activity since — the sweep produced briefs but never produced work,lifeOS has 14 briefs including a P0-Critical accessibility regression (BR-023) untouched for 129 days and no recorded project activity,DIFFERENT
1479,1575,project:igris-ai,0.1852,"FR-054 has sat in a non-standard 'Split (see FR-061, FR-062, FR-063)' status for 175 days — none of its three children appear in the digest, so the split may be untracked","FR-054 is still counted as an open brief despite status 'Split (see FR-061, FR-062, FR-063)' — it should be closed so the split children carry the work",SAME
1493,1568,project:igris-ai,0.1852,"FR-054 is still counted as open despite status 'Split (see FR-061, FR-062, FR-063)' — close it so the successors are the only live records","FR-054 still sits in open_briefs with status 'Split (see FR-061, FR-062, FR-063)' after 180 days — a split parent should be closed, not left counting against open work",SAME
1494,1694,project:fifty_eco_system,0.1852,BR-128 status is the unparsed string 'Done(Resolvedbydec8d1f)' and it still appears in open_briefs — the status normalizer is not covering this form,BR-128 shows status 'Done(Resolvedbydec8d1f)' — whitespace-stripped status strings will not match any status filter and corrupt open-brief counts,SAME
1515,1688,project:lifeos,0.1852,"BR-023 is lifeOS's only P0-Critical brief, has sat In Progress for 119 days, and — unlike fifty_eco_system's briefs — has no stalled suggestion queued for it","14 lifeOS briefs (BR-023 to BR-036) all froze at 130-131 days — a whole QA sweep was filed and never worked, and the stalled detector never flagged it",EXCLUDED
1517,1601,project:igris-ai,0.1852,"FR-054 still counts as open with status 'Split (see FR-061, FR-062, FR-063)' — a split parent should be closed, not left occupying the P1 open list",FR-054 is still counted open although its status says it was split into FR-061/062/063 — close it so the open-brief count reflects real work,SAME
1521,1600,project:lifeos,0.1852,lifeOS has 14 open briefs including a P0 and eight P1s but zero learnings recorded — the project is producing work and no knowledge,"lifeOS BR-023 is P0-Critical and has sat In Progress for 123 days, with 13 more P1/P2 briefs behind it and no alert in the queue",DIFFERENT
1562,1651,project:fifty_eco_system,0.1852,BR-128 is recorded as Done (resolved by dec8d1f) yet still counts as an open brief in the digest — closed briefs are not leaving the open set,"BR-128's status is the unparseable literal 'Done(Resolvedbydec8d1f)' — a resolution note collapsed into the status field, so a Done brief is still listed as open",SAME
1576,1694,project:fifty_eco_system,0.1852,BR-128's status is the malformed literal 'Done(Resolvedbydec8d1f)' — whitespace-stripped text in a status field means status parsing/writing is lossy somewhere,BR-128 shows status 'Done(Resolvedbydec8d1f)' — whitespace-stripped status strings will not match any status filter and corrupt open-brief counts,SAME
1591,1658,project:igris-ai,0.1852,"FR-054 is marked 'Split (see FR-061, FR-062, FR-063)' but still counts as an open P1 brief after 181 days — split parents should be terminal, not open","FR-054 is still counted open with status 'Split (see FR-061, FR-062, FR-063)' — a split parent should be closed, and none of its three children appear in the digest",SAME
1600,1608,project:lifeos,0.1852,"lifeOS BR-023 is P0-Critical and has sat In Progress for 123 days, with 13 more P1/P2 briefs behind it and no alert in the queue","lifeOS holds a P0-Critical accessibility regression plus 13 other open briefs, has zero learnings, and reports no recorded activity at all",DIFFERENT
1600,1701,project:lifeos,0.1852,"lifeOS BR-023 is P0-Critical and has sat In Progress for 123 days, with 13 more P1/P2 briefs behind it and no alert in the queue",Nine of lifeOS's fourteen open briefs are P1-High and all sit at 132 days — the priority field carries no ordering information,DIFFERENT
1608,1687,project:lifeos,0.1852,"lifeOS holds a P0-Critical accessibility regression plus 13 other open briefs, has zero learnings, and reports no recorded activity at all",lifeOS BR-023 is the only P0-Critical brief in the brain and has sat In Progress for 130 days with no activity record,DIFFERENT
1649,1687,project:lifeos,0.1852,lifeOS carries 14 open briefs — including a P0 a11y regression (BR-023) and eight P1 bugs — untouched for ~126 days with no learnings ever captured,lifeOS BR-023 is the only P0-Critical brief in the brain and has sat In Progress for 130 days with no activity record,DIFFERENT
1651,1694,project:fifty_eco_system,0.1852,"BR-128's status is the unparseable literal 'Done(Resolvedbydec8d1f)' — a resolution note collapsed into the status field, so a Done brief is still listed as open",BR-128 shows status 'Done(Resolvedbydec8d1f)' — whitespace-stripped status strings will not match any status filter and corrupt open-brief counts,SAME
1270,1821,project:fifty_eco_system,0.1842,"fifty_eco_system (34 open briefs, 0 learnings) and fifty-eco-system (0 open briefs, 7 learnings) are the same project split across two slugs, so harvest and recall never meet","fifty_eco_system has 33 open briefs but only 7 learnings in 187 days — the project consumes brief-writing effort and returns almost no knowledge, which is the strongest single argument for archiving it outright",DIFFERENT
1326,1796,global,0.1842,62 of 66 open suggestions are single-project fifty_eco_system stalled/gap notices — the queue is drowning higher-value findings and should be collapsed per-project,44 of the 60 open suggestions are auto-generated edge_inference proposals about learnings 6–944 — they crowd out every human-actionable suggestion in the review queue and should be batch-applied or routed off the main queue,DIFFERENT
1327,1506,project:fifty_eco_system,0.1842,"fifty_eco_system holds 34 open briefs (4 of them P1-High) frozen at 167/147 days with 0 learnings — it looks abandoned rather than paused, and no brief records that decision","fifty_eco_system holds 34 open briefs but has had zero activity for 173 days — decide whether to archive the project or schedule a working block, rather than triaging 30 stall alerts one by one",SAME
1327,1821,project:fifty_eco_system,0.1842,"fifty_eco_system holds 34 open briefs (4 of them P1-High) frozen at 167/147 days with 0 learnings — it looks abandoned rather than paused, and no brief records that decision","fifty_eco_system has 33 open briefs but only 7 learnings in 187 days — the project consumes brief-writing effort and returns almost no knowledge, which is the strongest single argument for archiving it outright",SAME
1330,1342,project:fifty_eco_system,0.1842,"Two project slugs for the same codebase — 'fifty_eco_system' (34 open briefs, 0 learnings) and 'fifty-eco-system' (0 briefs, 7 learnings) — the brief and learning layers are split across a naming variant","All 34 fifty_eco_system briefs froze on the same two dates (169d / 148d ago) with zero learnings recorded — this reads as an abandoned project, not 34 independent stalls",DIFFERENT
1330,1424,project:fifty_eco_system,0.1842,"Two project slugs for the same codebase — 'fifty_eco_system' (34 open briefs, 0 learnings) and 'fifty-eco-system' (0 briefs, 7 learnings) — the brief and learning layers are split across a naming variant","fifty_eco_system has 34 open briefs but no activity for 171 days — decide whether to archive the project or re-commit to it, rather than triaging 30+ stalled-brief suggestions one at a time",DIFFERENT
1340,1452,project:fifty_eco_system,0.1842,"Two project slugs for the same codebase — 'fifty_eco_system' (34 open briefs, 0 learnings) and 'fifty-eco-system' (0 open briefs, 7 learnings) — briefs and knowledge are split across a hyphen/underscore variant","fifty_eco_system has 34 open briefs and zero activity for 172 days — decide whether to archive the project or schedule a deliberate revival, rather than triaging 30 individual stall alerts",DIFFERENT
1341,1463,project:fifty_eco_system,0.1842,58 of 61 open suggestions are mechanical 'stalled'/'gap' rows for one project — the review queue is saturated and will bury any genuinely novel finding,"fifty_eco_system holds 34 open briefs but has had zero activity for 172 days — decide whether to archive the project or re-commit to it, rather than triaging 30+ stalled-brief suggestions one by one",DIFFERENT
1341,1678,project:fifty_eco_system,0.1842,58 of 61 open suggestions are mechanical 'stalled'/'gap' rows for one project — the review queue is saturated and will bury any genuinely novel finding,"fifty_eco_system holds 34 open briefs but has had zero activity for 184 days — decide whether to archive the project or re-commit to it, rather than triaging 30 stalled-brief suggestions one by one",DIFFERENT
1378,1431,project:fifty_eco_system,0.1842,"All 34 fifty_eco_system briefs share days_since_update 170 and the project has null activity — the backlog looks abandoned, not stalled; consider a bulk triage-or-archive pass rather than 30 more per-brief stall alerts",fifty_eco_system has 34 open briefs but zero activity for 171 days — decide whether to archive the project or pick a single P1 to restart it,SAME
1378,1565,project:fifty_eco_system,0.1842,"All 34 fifty_eco_system briefs share days_since_update 170 and the project has null activity — the backlog looks abandoned, not stalled; consider a bulk triage-or-archive pass rather than 30 more per-brief stall alerts",fifty_eco_system has 34 open briefs but zero activity in 177 days — decide whether to archive the project or schedule a deliberate revival sprint,SAME
1378,1628,project:fifty_eco_system,0.1842,"All 34 fifty_eco_system briefs share days_since_update 170 and the project has null activity — the backlog looks abandoned, not stalled; consider a bulk triage-or-archive pass rather than 30 more per-brief stall alerts",fifty_eco_system has 34 open briefs but zero activity for 180 days — decide whether to archive the project or schedule a revival sprint,SAME
1378,1648,project:fifty_eco_system,0.1842,"All 34 fifty_eco_system briefs share days_since_update 170 and the project has null activity — the backlog looks abandoned, not stalled; consider a bulk triage-or-archive pass rather than 30 more per-brief stall alerts",fifty_eco_system has 34 open briefs but zero activity for 180 days — decide whether to archive the project or schedule a deliberate revival,SAME
1382,1422,project:mbrgea-ai,0.1842,"mbrgea-ai's self-declared most frequent defect — correcting a claim at its source but not its siblings — has produced repeat rejections and is still only a learning, never a project standard",Partial-sweep corrections are called this project's most frequent defect (learning 1246) and three newer learnings repeat it — codify a sweep protocol rather than relearning it,SAME
1384,1548,global,0.1842,66 of 69 queued suggestions are single-project fifty_eco_system stall/gap alerts — the review queue is saturated by one dormant project and will bury anything new,The suggestion queue is 60 items of which ~57 are mechanical per-brief 'stalled'/'gap' rows from two modules on one project — the stalled and gap modules need per-project aggregation before they drown real signal,SAME
1392,1547,project:fifty_eco_system,0.1842,Every fifty_eco_system stalled suggestion says 68 days but the briefs now report 174 days idle — the stalled module's day counts are stale and no longer match the digest,"fifty_eco_system has 34 open briefs and 178-day-stale updates with zero repo activity in 174 days — decide whether to archive the project or restart it, rather than triaging briefs one at a time",DIFFERENT
1407,1505,project:mbrgea-ai,0.1842,"Partial-sweep corrections keep recurring in mbrgea-ai/igris-ai — five learnings now describe the same 'fixed the source, missed the siblings' failure and it is still being rediscovered, not prevented",mbrgea-ai's own most-frequent defect is the partial sweep (learning 1246) and it now carries 54 open briefs at 158 learnings — worth a targeted sweep audit rather than more briefs,EXCLUDED
1425,1511,project:lifeos,0.1842,BR-023 is the only P0-Critical brief in the digest and has sat In Progress for 116 days with no owner activity — lifeOS shows 14 open briefs and zero recorded learnings,"lifeOS filed 14 briefs on the same day 120 days ago, nine of them P1-High and one P0-Critical, and none has moved since — the priorities are not being used as a queue",DIFFERENT
1430,1516,global,0.1842,"Four active projects with open briefs have recorded zero learnings — attendance_app (4 briefs), lifeOS (14), hadir-system (1), moca-hr-agent (1) — so nothing from that work is reaching the brain","The stalled and gap suggestion modules have produced 60 queued items covering only 2 projects — lifeOS (14 open briefs, 120 days cold) and hadir (2 briefs, 133+ days) are invisible to them",DIFFERENT
1430,1572,global,0.1842,"Four active projects with open briefs have recorded zero learnings — attendance_app (4 briefs), lifeOS (14), hadir-system (1), moca-hr-agent (1) — so nothing from that work is reaching the brain",All 40 recent commits belong to the MOCA/HR agent line while 8 projects holding 190+ open briefs show no recent activity — the open-brief backlog no longer reflects where work happens,DIFFERENT
1442,1475,global,0.1842,The open-suggestion queue is 96% one project — 27 near-identical 'stalled 68 days' items plus 27 'Done but unchecked AC' items all from fifty_eco_system are drowning out every other signal,62 of 66 queued suggestions are single-brief 'stalled'/'gap' notices from one project — collapse per-brief alerts into per-project rollups before the queue becomes unreadable,SAME
1447,1496,project:igris-ai,0.1842,Six recent learnings restate one rule — 'a partial sweep of a claim class is the recurring defect' — and should be consolidated into a single canonical entry or promoted to a project doc,Partial-sweep and false-success defects keep recurring across igris-ai and mbrgea-ai — consider promoting the sweep discipline into a coding-guidelines rule instead of another learning,EXCLUDED
1469,1810,project:attendance_app,0.1842,"attendance_app has 4 open P1 briefs and a visible commit stream (Microsoft SSO, rebrand, geolocation licensing) but zero learnings recorded — shipped work is not being harvested","Three attendance_app briefs (BR-002, BR-003, BR-004) sit 'In Progress' for 170 days with zero recorded activity and zero learnings — nothing was ever actually started or the work never reached the brain",DIFFERENT
1482,1679,global,0.1842,"The stalled+gap modules emitted 60+ near-identical suggestions, 55 of them for one dormant project — add per-project rollup/caps before the queue stops being readable","The stalled/gap modules emit one suggestion per brief — 69 queued items are ~3 findings, and the queue will drown any new signal until they are collapsed",SAME
1495,1826,project:lifeos,0.1842,lifeOS has 14 open briefs including a P0 accessibility regression but zero learnings and no recorded activity — the brain is capturing nothing from this project,"lifeOS BR-023 (P0-Critical a11y regression) is the root cause of at least three other open lifeOS briefs (BR-030, BR-031, BR-035) — they are one accessibility-tree defect filed as four, and fixing BR-023 likely closes the rest",DIFFERENT
1499,1566,global,0.1842,The suggestion queue is 69 items of which ~60 are single-project 'stalled'/'gap' rows — the stalled and gap modules need per-project aggregation or a dormancy suppression before they drown out anything else,The stalled + gap detectors emitted 60+ near-identical suggestions from one dormant project — add per-project rollup/caps before the review queue becomes unreadable,SAME
1499,1690,global,0.1842,The suggestion queue is 69 items of which ~60 are single-project 'stalled'/'gap' rows — the stalled and gap modules need per-project aggregation or a dormancy suppression before they drown out anything else,The review queue is 98% single-project mechanical notices (34 'stalled' + 27 'Done with unchecked AC') — collapse them into two batch items so real findings are visible,SAME
1511,1569,project:lifeos,0.1842,"lifeOS filed 14 briefs on the same day 120 days ago, nine of them P1-High and one P0-Critical, and none has moved since — the priorities are not being used as a queue","lifeOS has 14 open briefs — including a P0-Critical a11y regression (BR-023) — but zero learnings and no recorded activity, suggesting the project was filed and never worked",DIFFERENT
1511,1657,project:lifeos,0.1842,"lifeOS filed 14 briefs on the same day 120 days ago, nine of them P1-High and one P0-Critical, and none has moved since — the priorities are not being used as a queue","BR-023 is lifeOS's only P0-Critical brief, In Progress and untouched for 125 days, and sits under 13 sibling briefs — the a11y role regression likely explains several of them",DIFFERENT
1513,1789,project:attendance_app,0.1842,"attendance_app, lifeOS, hadir-system and moca-hr-agent have open briefs but zero learnings recorded — either work is happening without harvest, or these projects are inactive and should be marked so","attendance_app has three briefs stuck 'In Progress' for 169 days (BR-002, BR-003, BR-004) with zero recorded activity and zero learnings — In Progress is being used as a filing state, not a work state",DIFFERENT
1525,1679,global,0.1842,The stalled/gap modules have queued 69 near-identical suggestions (30 stalled + 27 gap on fifty_eco_system alone) — add per-project caps or roll-ups before the review queue becomes unreadable,"The stalled/gap modules emit one suggestion per brief — 69 queued items are ~3 findings, and the queue will drown any new signal until they are collapsed",SAME
1536,1690,global,0.1842,"The stalled+gap modules have flooded the review queue with 69 open suggestions, 96% of them for one dormant project — add per-project caps or roll-ups before the queue becomes unreadable",The review queue is 98% single-project mechanical notices (34 'stalled' + 27 'Done with unchecked AC') — collapse them into two batch items so real findings are visible,SAME
1561,1594,project:fifty_eco_system,0.1842,"27 briefs are marked Done with unchecked acceptance criteria in one project, and a sibling learning shows the AC parser fails open — the gap suggestions may be a parser artifact, not 27 real gaps","fifty_eco_system is 'active' with 34 open briefs but 178 days without activity — and it accounts for 60 of the 63 queued suggestions, crowding out every other project",EXCLUDED
1563,1622,project:attendance_app,0.1842,"Four projects with open briefs have never recorded a learning — attendance_app, lifeOS, hadir-system and moca-hr-agent are executing without any knowledge capture","The Moca/Hadir attendance work is split across five project slugs (attendance_app, hadir, hadir-system, fya-hadir-app, moca-hadir-app) with overlapping rebrand and UI briefs — consolidate the slugs before more briefs fork",DIFFERENT
1573,1821,project:fifty_eco_system,0.1842,fifty_eco_system holds 34 open briefs with zero activity for 178 days — decide whether to archive/park the project rather than triage 30 stalled briefs one by one,"fifty_eco_system has 33 open briefs but only 7 learnings in 187 days — the project consumes brief-writing effort and returns almost no knowledge, which is the strongest single argument for archiving it outright",SAME
1660,1681,project:lifeos,0.1842,"Four active projects carry 19 open briefs between them and zero learnings — nothing from lifeOS, attendance_app, hadir-system or moca-hr-agent has ever been harvested into the brain","lifeOS has 14 open briefs including a P0-Critical a11y regression untouched for 129 days, zero captured learnings, and no recorded activity — it is running dark",DIFFERENT
1672,1680,project:fifty_eco_system,0.1842,"27 fifty_eco_system briefs were marked Done with unticked acceptance criteria — the commit 03adca2 gate that refuses this landed after them, so a one-off backfill audit is needed","27 fifty_eco_system briefs are Done with unchecked acceptance criteria — the same failure mode learning 1368 measured in mbrgea-ai (a fail-open AC parser), so check the parser before re-auditing the briefs",SAME
1787,1830,project:igris-ai,0.1837,igris-ai carries 163 open briefs and 602 learnings but its only digest-visible briefs are three P3/P2 research items and one Deferred debt item — the tracked backlog does not describe what the repo is actually doing,"igris-ai carries 166 open briefs and 612 learnings with activity today — the two largest active projects (igris-ai, mbrgea-ai: 230 open briefs combined) have no visible closure rate, so backlog size is tracking effort spent rather than work remaining",SAME
1270,1599,project:fifty_eco_system,0.1818,"fifty_eco_system (34 open briefs, 0 learnings) and fifty-eco-system (0 open briefs, 7 learnings) are the same project split across two slugs, so harvest and recall never meet",fifty_eco_system has 34 open briefs and no activity for 178 days — decide whether to revive or shelve the project instead of triaging 30 individual stall alerts,DIFFERENT
1271,1524,project:fifty_eco_system,0.1818,60 of 68 open suggestions are mechanical stalled/gap rows for one dormant project — the review queue is unusable until they are batch-resolved,"fifty_eco_system has 34 open briefs but zero activity for 174 days — decide whether to archive the project or re-scope it, rather than triaging 30 stalled briefs one by one",DIFFERENT
1271,1573,project:fifty_eco_system,0.1818,60 of 68 open suggestions are mechanical stalled/gap rows for one dormant project — the review queue is unusable until they are batch-resolved,fifty_eco_system holds 34 open briefs with zero activity for 178 days — decide whether to archive/park the project rather than triage 30 stalled briefs one by one,DIFFERENT
1290,1305,project:fifty_eco_system,0.1818,"Two near-identical project slugs exist — 'fifty_eco_system' (34 open briefs, 0 learnings) and 'fifty-eco-system' (0 briefs, 7 learnings); knowledge and work are split across a spelling variant","fifty_eco_system has 34 open briefs all frozen at 166/146 days and zero recorded learnings — decide whether the project is paused, or bulk-close it",DIFFERENT
1294,1529,project:igris-ai,0.1818,"FR-054 has sat in status 'Split (see FR-061, FR-062, FR-063)' for 163 days — a split parent should be closed, not left open as a P1","FR-054 is still counted as open with status 'Split (see FR-061, FR-062, FR-063)' — a terminal split state is being tracked as live work",SAME
1294,1540,project:igris-ai,0.1818,"FR-054 has sat in status 'Split (see FR-061, FR-062, FR-063)' for 163 days — a split parent should be closed, not left open as a P1","FR-054 is still counted open with status 'Split (see FR-061, FR-062, FR-063)' — a terminal state wearing a non-vocabulary status string",SAME
1296,1555,project:fifty_eco_system,0.1818,fifty_eco_system's entire 34-brief backlog is uniformly 143–163 days stale with zero commits — decide bulk-archive vs. revival rather than triaging 30 stall alerts individually,fifty_eco_system has 34 open briefs but zero activity in 177 days — decide whether to formally pause the project instead of leaving 30+ stall alerts accruing,SAME
1296,1599,project:fifty_eco_system,0.1818,fifty_eco_system's entire 34-brief backlog is uniformly 143–163 days stale with zero commits — decide bulk-archive vs. revival rather than triaging 30 stall alerts individually,fifty_eco_system has 34 open briefs and no activity for 178 days — decide whether to revive or shelve the project instead of triaging 30 individual stall alerts,SAME
1297,1335,global,0.1818,Learning capture is concentrated in igris-ai/mbrgea-ai while 8 active projects with open briefs have recorded zero learnings,"At least nine throwaway test/sandbox projects (test-v5-verify, agy-deny-test, igris-nobrief-*, igris-agy-hunt-*, mbrgea-test, igris-os-eval) are registered as 'active' and contribute open briefs to the real backlog",DIFFERENT
1299,1454,project:lifeos,0.1818,"BR-023 is the only P0-Critical brief in the brain, has sat In Progress for 105 days, and no stalled suggestion covers it",BR-023 is a P0-Critical accessibility regression sitting In Progress for 117 days with no learnings ever recorded for lifeOS,SAME
1302,1567,project:fifty_eco_system,0.1818,"Commit 03adca2 now refuses closing commits on unticked criteria, but the 27 already-Done briefs flagged by the gap module were never reconciled","27 fifty_eco_system briefs were marked Done with unchecked acceptance criteria — the closing ritual does not enforce the AC gate, so 'Done' carries no verification signal here",SAME
1305,1317,project:fifty_eco_system,0.1818,"fifty_eco_system has 34 open briefs all frozen at 166/146 days and zero recorded learnings — decide whether the project is paused, or bulk-close it",Three near-identical project slugs coexist (fifty_eco_system / fifty-eco-system / fifty-flutter-kit vs fifty-dev) and the briefs and learnings are split across them,EXCLUDED
1307,1405,project:lifeos,0.1818,lifeOS filed 13 bug briefs in one sweep (BR-024…BR-036) and none moved off Ready in 109 days — a whole QA pass was captured and then dropped,"lifeOS accumulated 14 briefs (7 of them P1-High) in a single 117-day-old QA sweep and none has moved since — the sweep produced a backlog, not a fix cycle",SAME
1313,1327,project:fifty_eco_system,0.1818,"34 open briefs in fifty_eco_system have all sat untouched for 167 days — the project looks abandoned, not backlogged; decide to archive or re-activate it wholesale","fifty_eco_system holds 34 open briefs (4 of them P1-High) frozen at 167/147 days with 0 learnings — it looks abandoned rather than paused, and no brief records that decision",SAME
1323,1557,project:lifeos,0.1818,BR-023 is the only P0-Critical brief in the brain and has sat In Progress for 109 days with no stalled-suggestion coverage,"lifeOS carries 14 open briefs including a P0 accessibility regression (BR-023) and 7 P1 bugs, all untouched for ~123 days, yet the project has produced zero learnings and no suggestion has ever been raised for it",EXCLUDED
1333,1561,project:fifty_eco_system,0.1818,27 queued 'Done but unchecked acceptance criteria' suggestions are all pre-existing debt from before commit 03adca2 shipped the closing-commit gate — batch-reconcile them rather than triaging one by one,"27 briefs are marked Done with unchecked acceptance criteria in one project, and a sibling learning shows the AC parser fails open — the gap suggestions may be a parser artifact, not 27 real gaps",SAME
1340,1431,project:fifty_eco_system,0.1818,"Two project slugs for the same codebase — 'fifty_eco_system' (34 open briefs, 0 learnings) and 'fifty-eco-system' (0 open briefs, 7 learnings) — briefs and knowledge are split across a hyphen/underscore variant",fifty_eco_system has 34 open briefs but zero activity for 171 days — decide whether to archive the project or pick a single P1 to restart it,DIFFERENT
1340,1604,project:fifty_eco_system,0.1818,"Two project slugs for the same codebase — 'fifty_eco_system' (34 open briefs, 0 learnings) and 'fifty-eco-system' (0 open briefs, 7 learnings) — briefs and knowledge are split across a hyphen/underscore variant",fifty_eco_system has 34 open briefs but zero activity for 178 days — decide whether to archive the project or schedule a triage sweep,DIFFERENT
1340,1628,project:fifty_eco_system,0.1818,"Two project slugs for the same codebase — 'fifty_eco_system' (34 open briefs, 0 learnings) and 'fifty-eco-system' (0 open briefs, 7 learnings) — briefs and knowledge are split across a hyphen/underscore variant",fifty_eco_system has 34 open briefs but zero activity for 180 days — decide whether to archive the project or schedule a revival sprint,DIFFERENT
1340,1648,project:fifty_eco_system,0.1818,"Two project slugs for the same codebase — 'fifty_eco_system' (34 open briefs, 0 learnings) and 'fifty-eco-system' (0 open briefs, 7 learnings) — briefs and knowledge are split across a hyphen/underscore variant",fifty_eco_system has 34 open briefs but zero activity for 180 days — decide whether to archive the project or schedule a deliberate revival,DIFFERENT
1343,1379,project:lifeos,0.1818,"lifeOS has a P0-Critical a11y regression (BR-023) stalled 110 days behind 13 other briefs, 7 of which are also P1-High — the priority field has stopped discriminating","BR-023 is the only P0-Critical brief in the whole brain, In Progress and untouched for 112 days, with 13 more P1/P2 lifeOS briefs behind it and zero recorded learnings for the project",DIFFERENT
1377,1441,project:fifty_eco_system,0.1818,"Two project slugs exist for the same codebase — fifty_eco_system (34 open briefs, 0 learnings) and fifty-eco-system (0 briefs, 7 learnings); briefs and knowledge are split across them",fifty_eco_system has 34 open briefs but zero activity for 172 days — decide whether to archive the project or schedule a dedicated cleanup sprint,DIFFERENT
1377,1481,project:fifty_eco_system,0.1818,"Two project slugs exist for the same codebase — fifty_eco_system (34 open briefs, 0 learnings) and fifty-eco-system (0 briefs, 7 learnings); briefs and knowledge are split across them",fifty_eco_system has 34 open briefs but zero activity for 173 days — decide whether to archive the project or schedule a dedicated triage session,DIFFERENT
1377,1491,project:fifty_eco_system,0.1818,"Two project slugs exist for the same codebase — fifty_eco_system (34 open briefs, 0 learnings) and fifty-eco-system (0 briefs, 7 learnings); briefs and knowledge are split across them",fifty_eco_system has 34 open briefs but zero activity for 173 days — decide whether to archive the project or schedule a real burn-down,DIFFERENT
1377,1662,project:fifty_eco_system,0.1818,"Two project slugs exist for the same codebase — fifty_eco_system (34 open briefs, 0 learnings) and fifty-eco-system (0 briefs, 7 learnings); briefs and knowledge are split across them",fifty_eco_system has 34 open briefs but zero activity for 180 days — decide whether to archive the project or schedule a dedicated cleanup pass,DIFFERENT
1377,1686,project:fifty_eco_system,0.1818,"Two project slugs exist for the same codebase — fifty_eco_system (34 open briefs, 0 learnings) and fifty-eco-system (0 briefs, 7 learnings); briefs and knowledge are split across them",fifty_eco_system has 34 open briefs but zero activity for 185 days — decide whether to archive the project or schedule a deliberate revival sprint,DIFFERENT
1407,1550,project:mbrgea-ai,0.1818,"Partial-sweep corrections keep recurring in mbrgea-ai/igris-ai — five learnings now describe the same 'fixed the source, missed the siblings' failure and it is still being rediscovered, not prevented","Partial-sweep corrections are this project's most frequent defect by its own accounting, and three later learnings repeat the same failure — the sweep discipline should be promoted into project guidelines rather than re-learned",SAME
1415,1801,global,0.1818,69 open suggestions are all from two mechanical modules (stalled/gap) and 62 concern one dormant project — the review queue is drowning its own signal,"44 of the 60 open suggestions are low-value edge_inference rows — the operator's review queue is 73% noise, which will bury the 16 substantive findings",DIFFERENT
1417,1502,project:lifeos,0.1818,lifeOS has 14 open briefs including a P0 accessibility regression but zero learnings recorded — a full bug sweep produced briefs and no captured knowledge,lifeOS BR-023 is the only P0-Critical brief anywhere in the digest and it has been In Progress for 118 days with 13 sibling P1 bugs behind it and zero recorded learnings for the project,DIFFERENT
1421,1544,project:mbrgea-ai,0.1818,Five recent mbrgea-ai learnings independently describe the same defect class — verifications that pass without having verified — and should be promoted into a test-standards doc,Four mbrgea-ai learnings independently found green checks that verified nothing — the suite's trustworthiness is itself the open question,SAME
1434,1589,brief:br-001,0.1818,"The stalled detector appears to miss projects with null days_since_activity — attendance_app, lifeOS, hadir-system and hadir briefs idle 118–159 days produce no suggestions",Brief IDs collide across projects (BR-001 open in hadir-system and attendance_app; BR-027/BR-028 in both hadir and lifeOS) — any cross-project reference or suggestion citing a bare id is ambiguous,DIFFERENT
1463,1804,project:fifty_eco_system,0.1818,"fifty_eco_system holds 34 open briefs but has had zero activity for 172 days — decide whether to archive the project or re-commit to it, rather than triaging 30+ stalled-brief suggestions one by one",Five fifty_eco_system briefs sit in 'In Progress' with 190 days of zero project activity — 'In Progress' no longer means anyone is working on them,DIFFERENT
1467,1602,project:fifty_eco_system,0.1818,BR-128 is marked 'Done (Resolved by dec8d1f)' yet still appears in the open-brief set — a status-parsing or close-sweep gap that inflates every open-brief count,"BR-128 shows status 'Done(Resolvedbydec8d1f)' — whitespace-stripped and still listed as open, suggesting the status field is free text the open-brief filter cannot read",SAME
1467,1626,project:fifty_eco_system,0.1818,BR-128 is marked 'Done (Resolved by dec8d1f)' yet still appears in the open-brief set — a status-parsing or close-sweep gap that inflates every open-brief count,"BR-128 shows status 'Done(Resolvedbydec8d1f)' — a whitespace-stripped free-text status that a Done-state parser will not match, and it is still counted as an open brief",SAME
1501,1626,project:fifty_eco_system,0.1818,"BR-128 is listed among open briefs with status 'Done(Resolvedbydec8d1f)' — a resolved brief leaking into the open set, and the mangled spacing suggests a status-parsing defect","BR-128 shows status 'Done(Resolvedbydec8d1f)' — a whitespace-stripped free-text status that a Done-state parser will not match, and it is still counted as an open brief",SAME
1511,1687,project:lifeos,0.1818,"lifeOS filed 14 briefs on the same day 120 days ago, nine of them P1-High and one P0-Critical, and none has moved since — the priorities are not being used as a queue",lifeOS BR-023 is the only P0-Critical brief in the brain and has sat In Progress for 130 days with no activity record,DIFFERENT
1531,1677,brief:br-001,0.1818,"Five separate active projects track the same Hadir/attendance product (hadir, hadir-system, fya-hadir-app, moca-hadir-app, attendance_app) — consolidate or explicitly document the split","Overlapping Hadir project slugs (hadir, hadir-system, fya-hadir-app, moca-hadir-app) each hold open briefs — likely one product tracked under four brain identities",SAME
1553,1600,project:lifeos,0.1818,"lifeOS carries 14 open briefs including a P0 accessibility regression and eight P1 bugs, but has zero learnings and no recorded activity — the project is accumulating defects with no knowledge capture at all","lifeOS BR-023 is P0-Critical and has sat In Progress for 123 days, with 13 more P1/P2 briefs behind it and no alert in the queue",DIFFERENT
1553,1687,project:lifeos,0.1818,"lifeOS carries 14 open briefs including a P0 accessibility regression and eight P1 bugs, but has zero learnings and no recorded activity — the project is accumulating defects with no knowledge capture at all",lifeOS BR-023 is the only P0-Critical brief in the brain and has sat In Progress for 130 days with no activity record,DIFFERENT
1557,1687,project:lifeos,0.1818,"lifeOS carries 14 open briefs including a P0 accessibility regression (BR-023) and 7 P1 bugs, all untouched for ~123 days, yet the project has produced zero learnings and no suggestion has ever been raised for it",lifeOS BR-023 is the only P0-Critical brief in the brain and has sat In Progress for 130 days with no activity record,EXCLUDED
1561,1632,project:fifty_eco_system,0.1818,"27 briefs are marked Done with unchecked acceptance criteria in one project, and a sibling learning shows the AC parser fails open — the gap suggestions may be a parser artifact, not 27 real gaps",BR-128 is listed among open briefs despite status 'Done(Resolvedbydec8d1f)' — the status parser is not recognising the resolution suffix,DIFFERENT
1562,1613,project:fifty_eco_system,0.1818,BR-128 is recorded as Done (resolved by dec8d1f) yet still counts as an open brief in the digest — closed briefs are not leaving the open set,"27 briefs are Done with unchecked acceptance criteria while learning 1368 reports the AC-parser fails open on heading variants — the backlog may be a parser artifact, not 27 real gaps",DIFFERENT
1562,1652,project:fifty_eco_system,0.1818,BR-128 is recorded as Done (resolved by dec8d1f) yet still counts as an open brief in the digest — closed briefs are not leaving the open set,"27 queued 'Done but unchecked acceptance criteria' suggestions are one process gap, not 27 findings — the AC gate (commit 03adca2) landed after these briefs closed",DIFFERENT
1594,1606,project:fifty_eco_system,0.1818,"fifty_eco_system is 'active' with 34 open briefs but 178 days without activity — and it accounts for 60 of the 63 queued suggestions, crowding out every other project",27 briefs closed as Done with unticked acceptance criteria predate the new closing-commit gate — confirm the gate is active for this project or backfill the criteria,EXCLUDED
1594,1884,project:fifty_eco_system,0.1818,"fifty_eco_system is 'active' with 34 open briefs but 178 days without activity — and it accounts for 60 of the 63 queued suggestions, crowding out every other project","Three fifty_eco_system tech-debt briefs (TD-004, TD-006, TD-007) are 'In Progress' with 191 days of no activity — 'In Progress' has stopped meaning anything and should be reset to Ready or archived",EXCLUDED
1619,1804,project:fifty_eco_system,0.1818,"fifty_eco_system holds 34 open briefs but has had zero activity for 179 days — decide whether to archive the project or re-scope it, rather than triaging 30 stalled-brief suggestions individually",Five fifty_eco_system briefs sit in 'In Progress' with 190 days of zero project activity — 'In Progress' no longer means anyone is working on them,DIFFERENT
1670,1804,project:fifty_eco_system,0.1818,"fifty_eco_system holds 34 open briefs but has had zero activity for 184 days — decide whether to revive, descope, or archive the whole project rather than triaging 30 stalled briefs one by one",Five fifty_eco_system briefs sit in 'In Progress' with 190 days of zero project activity — 'In Progress' no longer means anyone is working on them,DIFFERENT
1674,1826,project:lifeos,0.1818,lifeOS has 14 briefs including a P0-Critical accessibility regression (BR-023) untouched for 129 days and no recorded project activity,"lifeOS BR-023 (P0-Critical a11y regression) is the root cause of at least three other open lifeOS briefs (BR-030, BR-031, BR-035) — they are one accessibility-tree defect filed as four, and fixing BR-023 likely closes the rest",DIFFERENT
1678,1804,project:fifty_eco_system,0.1818,"fifty_eco_system holds 34 open briefs but has had zero activity for 184 days — decide whether to archive the project or re-commit to it, rather than triaging 30 stalled-brief suggestions one by one",Five fifty_eco_system briefs sit in 'In Progress' with 190 days of zero project activity — 'In Progress' no longer means anyone is working on them,DIFFERENT
